"Fila","Mahalanobis"
1,38.805522493555
2,37.2445827501239
3,33.053253333522
4,30.611277422519
5,45.9393229127178
6,30.5788707952331
7,25.6574846374548
8,137.55934764046
9,18.0973093028918
10,25.5456784942063
11,38.2197703679302
12,26.4185591197262
13,29.5878096803392
14,21.0797060342203
15,34.9665158748531
16,20.4596032801553
17,52.6260035411216
18,23.5671370230222
19,13.8077985545093
20,33.1471073548358
21,21.1243675420829
22,40.9860510918853
23,30.7172533019702
24,17.0514985734636
25,25.5374500944436
26,42.7876398038781
27,48.4852113625296
28,27.134708657435
29,28.3849652021234
30,24.5118564236869
31,28.432580009643
32,19.7657713965788
33,24.5923626626282
34,24.8559469681792
35,44.8009995467548
36,22.9012989137533
37,35.612693906594
38,70.6709297810994
39,31.9276179694355
40,30.1556287961651
41,30.5039177264118
42,26.4458491711387
43,29.4970235792283
44,20.2639802870016
45,21.6974991346053
46,32.322401357076
47,8.34194575805962
48,37.3172281973489
49,28.5271920316574
50,53.7026227614404
51,23.5814541734606
52,14.8605236394364
53,21.4433345058237
54,60.2119705839069
55,27.2013249791503
56,17.870843898143
57,23.8249501162205
58,25.5116973898927
59,29.4903134457348
60,23.8626648374121
61,37.6190673384719
62,46.0831762957487
63,24.4062739342071
64,22.6774406238951
65,29.9897185921437
66,46.0946003237281
67,21.0763616707714
68,21.0973875538586
69,19.2396591351745
70,24.8840650748039
71,60.6216335334015
72,25.8161340299109
73,24.6924733558483
74,41.9284308722346
75,41.3688291064815
76,41.4321759923198
77,51.4336130000261
78,27.5627132829933
79,21.7914649227343
80,37.6799579864303
81,24.8465532053307
82,46.0346333350061
83,50.9358504670081
84,32.8329700753834
85,35.3070913761522
86,28.1414690082613
87,28.1085930899772
88,18.6215647212653
89,22.2620945658889
90,31.7196461000603
91,19.9620913522638
92,19.6624834501583
93,19.7358976919401
94,28.7170648056635
95,27.2992612232315
96,18.4479692769424
97,13.6892103741262
98,12.0045601858316
99,25.2741288604826
100,13.8374070280845
101,36.0054112823078
102,26.3491458209014
103,14.6509999243126
104,18.4013094496564
105,13.2750737628393
106,33.5061591392272
107,27.0216571921869
108,31.0257362441859
109,31.7819231219043
110,33.1200406689129
111,29.2358104729113
112,29.7387031252516
113,23.7101979569745
114,18.8221329275769
115,29.1444901106881
116,23.060267015945
117,26.1917632534063
118,40.8566355895789
119,29.4218387312318
120,43.052829368234
121,29.9667526910414
122,55.980095505789
123,31.3457430900172
124,26.5101946275694
125,17.9086498338169
126,44.5696189522579
127,26.3923426747908
128,12.0240279117749
129,54.8778247476216
130,27.0373136447297
131,49.2738910834978
132,41.6312256730165
133,53.960586422219
134,34.9575641984519
135,25.7229299016341
136,23.5511360563798
137,57.5952143589327
138,21.0295049129343
139,41.4936094871933
140,45.714443771422
141,25.2541436370613
142,20.0465484626103
143,19.9483173241794
144,24.250776943187
145,74.1159511301311
146,14.7344113207595
147,21.7493326405939
148,32.7277281120032
149,20.1231504559073
150,38.6574071175624
151,50.491455166349
152,17.0763700858858
153,100.441641935571
154,35.8703107050959
155,13.7745765915794
156,32.174155084212
157,43.997521412192
158,37.402333896643
159,34.6610581618592
160,47.345543160676
161,75.1508844077751
162,29.2880479828133
163,28.6854755794679
164,25.9359421228696
165,57.8235257978854
166,32.3606364669582
167,44.8607408361393
168,17.1904965643067
169,19.274868320525
170,44.0735836346387
171,33.6990811854567
172,34.3175268025033
173,24.5428371408987
174,38.4809369015756
175,24.1646597864117
176,36.7533334156862
177,23.0349495504751
178,95.1287480484307
179,50.4607347798662
180,43.0194623881217
181,30.900823119123
182,84.0404698336532
183,27.8105788964527
184,58.7282178904487
185,23.8271543461816
186,50.161124523016
187,35.755300810436
188,20.032824221654
189,23.9843837295513
190,76.978334476998
191,39.5679382613852
192,29.6291046925208
193,17.9529945296136
194,32.3417860668135
195,18.9613693532564
196,49.8307807509712
197,18.7105882712672
198,115.90075698416
199,41.4090558129876
200,60.597282447526
201,31.9316875946618
202,26.3831133306625
203,26.0635046113135
204,26.8250005269887
205,35.616951454798
206,14.7972713943147
207,24.2394414502003
208,22.7599265183734
209,25.4392466448399
210,23.3918036331988
211,12.7555880183012
212,18.4838764609145
213,16.7153733564882
214,23.8053167385525
215,27.323010231712
216,37.5482922832577
217,22.8327065593192
218,34.4622193849013
219,41.8668396325035
220,22.2560371582435
221,39.8211224880845
222,31.0576395377624
223,50.8705961274417
224,25.4942864292664
225,27.9460114569143
226,33.8785391736627
227,23.6488357177063
228,29.1094897872619
229,41.4495264011354
230,39.1040742433656
231,37.7454282574992
232,44.3660110932662
233,11.479977550942
234,54.6385425423595
235,42.4702082273919
236,20.8174288456101
237,18.651770775393
238,16.1666868224238
239,44.5819677480052
240,67.8624427028939
241,32.9905297028037
242,22.3549467504104
243,32.6073969952363
244,41.6974359069957
245,36.9320131391607
246,32.5243163132668
247,16.725530139438
248,31.8524250382065
249,41.5931791788533
250,33.2918406220386
251,21.2782228921907
252,33.581113375271
253,20.9404169372944
254,32.68280713338
255,26.4010413237729
256,27.3458159014163
257,20.9070463876886
258,34.6731577716553
259,22.2220532569176
260,28.7546128759958
261,14.6038776607686
262,32.2194703105114
263,31.6320592221576
264,35.9814237403802
265,34.4898202554136
266,45.8958799769115
267,27.9146692006336
268,36.1421225752009
269,19.1673217989777
270,50.1059365917865
271,39.958374973012
272,45.804150930587
273,36.7775504586671
274,42.4487400649783
275,41.9257895874022
276,52.1268755797596
277,68.2061853246145
278,32.1069370931655
279,20.4585992982341
280,42.3719456725756
281,45.0737248526152
282,10.7360993662369
283,33.7053014414122
284,19.7848919625848
285,34.8032290720961
286,23.8073068622745
287,49.140273673806
288,26.2121804580879
289,39.6801782225129
290,26.5569242341168
291,107.517668665313
292,73.3597836966602
293,26.2791939252479
294,38.3792300057892
295,33.4264300015486
296,17.7127396742936
297,31.0168575211399
298,30.836734074412
299,23.2657372185711
300,26.1461817384214
301,33.6421337544696
302,28.0752084907026
303,22.7077172489446
304,39.6743732070478
305,31.0806358347781
306,38.3543959771461
307,23.1277157532419
308,20.8156303876707
309,19.845392411903
310,17.1973139590249
311,30.0414373642351
312,21.5835443128392
313,37.4297839878348
314,25.4216378617333
315,22.9078584177932
316,31.8345870877821
317,22.1637284174955
318,25.0554093128232
319,23.9826961862691
320,50.345287883829
321,38.1466388086755
322,31.407023762945
323,30.5584054217201
324,21.0709362109274
325,20.9621077478571
326,40.5339933769634
327,34.8679159875654
328,28.8184631788748
329,30.7417299658348
330,21.1618529832016
331,34.8624997701481
332,27.3660875859606
333,25.637864553965
334,32.7384527953733
335,18.9261545794963
336,29.384918579434
337,30.5968393787117
338,40.433437498443
339,24.7263050732127
340,37.1836667795412
341,26.1926803194134
342,42.8410813510062
343,33.0389658761736
344,43.9733312099443
345,25.2251815230814
346,33.6428332043283
347,39.143627135265
348,24.8177373801673
349,21.7414561700122
350,39.1785673295216
351,24.3206224429224
352,25.0267321052938
353,22.1049052968907
354,7.77263456982793
355,18.8608106042577
356,16.5461715488525
357,31.5239770326199
358,26.6910314682131
359,21.5497284234392
360,22.590512936799
361,20.8137045060894
362,21.741802098009
363,37.9759642471266
364,31.712655731303
365,21.8526412116929
366,54.2250766257059
367,30.938326248693
368,55.7548164960528
369,41.2260147760656
370,32.9732679122305
371,26.7790098011577
372,29.7664329561714
373,28.8725715107082
374,23.4855583209249
375,39.5608864482407
376,92.012298199881
377,23.2231358995115
378,36.0635600541513
379,20.9936368409875
380,28.1439416658033
381,36.3332707903354
382,46.307225039959
383,29.1024814982972
384,30.9906472006439
385,35.1358183603628
386,29.3917092190077
387,47.4279036531368
388,20.4794173761557
389,34.7328231678578
390,39.3603202962906
391,42.6261186086555
392,31.7940579366325
393,26.9622886735631
394,52.2665377993476
395,21.3366723108548
396,38.7259420197923
397,20.8469255171888
398,21.696551763083
399,29.5370771368494
400,31.559130228323
401,32.6579698155852
402,27.61342247598
403,40.6639192611987
404,36.4490117825343
405,23.2202075450634
406,17.5736980249193
407,23.2753519250556
408,26.8685082935083
409,39.9553669789077
410,26.7550970802611
411,25.7675439713092
412,28.4020512171388
413,27.5343795830648
414,28.7643834906905
415,22.8124043770073
416,38.3186083851125
417,31.9604694596338
418,32.6161111961077
419,18.1775678084421
420,38.8835294244055
421,16.5313956009754
422,24.2494800040695
423,33.7473904831758
424,17.5124952422163
425,33.9903880546914
426,23.7725002670872
427,20.4328008233497
428,28.0684693934949
429,30.0054807844596
430,12.966308984026
431,31.5297716653688
432,55.722352156709
433,21.0691328072774
434,30.6843675027501
435,30.1915200650274
436,21.3121970792588
437,12.1468201090134
438,22.65674307701
439,26.2569740982847
440,38.9372158031164
441,15.4061093694774
442,18.6394546596769
443,27.5631134658729
444,34.2319738707688
445,27.2279117910958
446,27.9008181857016
447,41.1094467679365
448,31.8961510600712
449,25.2269399230128
450,21.7738175358599
451,27.5600160181914
452,35.581048903156
453,25.5698825817114
454,18.2513577808342
455,33.846060002279
456,22.6403323144063
457,61.7361239464898
458,27.775385107954
459,41.0458912859807
460,29.8991841911289
461,43.0556935286014
462,51.5801638220732
463,33.3281290349931
464,38.0622904623264
465,42.3574428953914
466,39.9054691483923
467,42.4298309412025
468,29.5032462104311
469,32.4431144833023
470,41.8283820948998
471,44.6560144389663
472,20.4570749691318
473,24.8044409893538
474,39.7634797492987
475,21.8689990517184
476,12.6386515950429
477,36.1048102361277
478,32.0795316252426
479,30.882512111279
480,23.2533710803689
481,70.3681943920225
482,25.2789609636922
483,25.6214700284734
484,28.7106248556614
485,21.8375680687251
486,36.2466095827209
487,44.1931244513963
488,21.6612765731186
489,29.2724729929409
490,40.0596623951353
491,55.3657046329498
492,20.7357588341767
493,35.9608034055158
494,17.5089555735956
495,34.2116333636085
496,36.7316060498653
497,22.2101287208915
498,46.5546056421983
499,27.7891244309058
500,35.1881313780188
501,21.715551447782
502,50.8219473504186
503,42.2044248958615
504,27.2183110944093
505,93.3996912431757
506,36.9986230088307
507,77.2022459754947
508,29.6707877114104
509,46.4539555132405
510,26.5742077935136
511,41.8894297294777
512,19.0421868677405
513,10.242023001347
514,18.8815998032436
515,27.1120503797809
516,22.7085739070985
517,38.5448896340269
518,16.1478368310327
519,31.2198359589453
520,26.5049877013883
521,37.0240155838593
522,14.3009327926151
523,12.8220579806817
524,14.9767268095077
525,67.9782841647528
526,31.1474461220671
527,12.2286434561922
528,36.2835875765214
529,14.3732380450214
530,28.7598565092288
531,12.6900583406489
532,28.3662590841212
533,35.307536406382
534,36.1843216760723
535,54.8753970508831
536,8.81388986239431
537,21.1153063391697
538,11.7739497583247
539,21.7514964789372
540,21.7244986286027
541,11.088388515796
542,18.019262745756
543,34.2627947703436
544,22.7462823500369
545,23.9831712784026
546,12.0884048967817
547,22.3028605807566
548,35.141222612354
549,51.4198737879906
550,16.5288664107639
551,57.1267126942381
552,30.6173179376754
553,37.5569546675355
554,33.9871764478081
555,27.3614082192353
556,45.4184226798374
557,40.4458494128195
558,54.3017392419505
559,20.4280956272869
560,41.7329877122964
561,20.5297551450137
562,27.9735735799016
563,21.3019794920522
564,34.3034866358372
565,33.5857463589292
566,43.3128627202921
567,30.1197328778176
568,38.19566785527
569,48.2224753098175
570,48.1870920133929
571,15.1944711342049
572,36.0005621781263
573,37.1002655466782
574,53.491432591539
575,85.4213472155538
576,48.1737032706746
577,53.2331717279669
578,65.1410243007163
579,42.0612741129006
580,18.7126741306979
581,32.7001072665629
582,35.419478492318
583,24.906883740425
584,32.1146159177864
585,22.2957748359554
586,17.6539334612414
587,41.4567940726194
588,23.6453085505535
589,31.8667406185083
590,43.5073695222488
591,38.0283648922876
592,11.8473144415906
593,15.7745267626858
594,19.2068197902536
595,34.5567124891731
596,48.2429269725314
597,21.0837330004098
598,26.972344599278
599,24.6893921328015
600,20.6641704453027
601,31.9902586335985
602,36.7823800412445
603,21.5307678639633
604,27.2723988219967
605,44.4048273123918
606,12.2053795653848
607,60.5921644235742
608,39.4828910410055
609,47.5913274603579
610,18.7643944564903
611,24.6011370330832
612,25.2364551467649
613,25.4327418301758
614,18.9698834547791
615,15.391726372433
616,9.22428554101487
617,28.6751888489723
618,33.7069329173928
619,38.700897432082
620,23.7865571686751
621,24.1855945464692
622,24.9803533991233
623,21.3320566763822
624,17.1010941153997
625,25.5771721153332
626,40.8118603967398
627,40.421830950189
628,31.5020257771865
629,32.2580568340699
630,30.4396739792796
631,12.1818993624816
632,33.5017009624876
633,24.7182928520894
634,17.511950384212
635,20.3987224221382
636,53.8873949899238
637,23.2720690768473
638,42.4165597548148
639,15.4403321852862
640,11.3777463689067
641,16.9334601230338
642,22.5717462903502
643,18.5035038889717
644,48.4079600030669
645,73.6130337975481
646,8.36918766355401
647,24.1311918084276
648,45.563749629503
649,34.6631862694851
650,33.2864726670513
651,34.2786056770092
652,28.6286049029397
653,14.3032713765342
654,35.1256399527914
655,23.9678179645646
656,21.6821427427439
657,10.2048805119464
658,40.159932162623
659,21.8557558653543
660,39.8152475500829
661,29.6835708994351
662,24.8311010969601
663,44.1952716641019
664,66.6489626063292
665,55.1446117099135
666,30.1279361623642
667,28.5876041129515
668,23.1752326348598
669,60.76035207509
670,21.6103197001825
671,9.59115404385794
672,45.9511682020525
673,33.3444149471835
674,60.8988889548288
675,22.6337974059189
676,24.8708398928786
677,30.9108235411721
678,34.0682698789278
679,27.4136373681888
680,39.6104483328051
681,14.6572909135513
682,15.7480146380892
683,39.5325305141871
684,41.6104721710344
685,29.6265426259712
686,37.2877994944934
687,26.8462346945919
688,47.386046147111
689,46.5510860144769
690,31.9359076344577
691,59.6263319025319
692,53.7331436666683
693,95.8819657187538
694,87.0662225893114
695,70.2111365463503
696,34.1717246005142
697,43.9119712902877
698,22.9525256198868
699,15.8003239133675
700,47.8417103580503
701,35.2085398132819
702,30.5905242826741
703,25.1512789345119
704,24.9701031360046
705,40.9940981347649
706,32.4527790357792
707,42.4672419843544
708,27.5477597067719
709,25.6217545372582
710,18.9731575726924
711,32.1508357696592
712,20.9449943453656
713,15.642585357648
714,21.2553987205981
715,29.8484112999102
716,44.9160593707151
717,21.6700357809981
718,21.3529257582347
719,14.7468087150682
720,21.2314451270988
721,32.1904228659394
722,39.6080688861599
723,27.5687974626646
724,55.1186358870502
725,22.191121210699
726,32.3522919726242
727,27.8663523179868
728,25.3333999999843
729,19.9833305330304
730,21.734410718635
731,36.1476015314362
732,31.1771403693018
733,26.8464670377355
734,29.5102912786318
735,35.7614507060811
736,18.0981535553534
737,29.3098515730602
738,33.4667639392013
739,32.5516926443208
740,23.0814144546546
741,16.777608010441
742,53.9569060310395
743,31.1053421474318
744,32.609469878232
745,33.2369619585881
746,43.0328435396222
747,32.1480186088776
748,37.5391019422372
749,38.4419821246826
750,19.5327781850469
751,34.2086356465598
752,34.9445920724749
753,32.610677364757
754,45.8084831426451
755,35.4052434199549
756,28.813095621613
757,18.2085726490523
758,23.2478397081969
759,24.0406658700209
760,47.1056721462035
761,41.9605685077969
762,23.1640874273064
763,21.4784609387168
764,25.5924239630693
765,37.876742306502
766,22.7895428262552
767,14.8081000899171
768,32.8152334575588
769,24.5694573654253
770,23.1448781754147
771,39.274895373826
772,25.5000563170927
773,21.4567669414713
774,23.7821319627491
775,29.0058484896463
776,21.7519171076381
777,45.2919073749939
778,34.1663947539441
779,34.4880358388317
780,25.4316491345936
781,18.5151275699585
782,43.7696593268814
783,30.0980012682407
784,16.1021090670259
785,25.1910598483504
786,22.7410102091422
787,23.5430910955493
788,35.6596457054149
789,17.5208332506215
790,19.2647224425807
791,23.1499164747387
792,21.3352231271178
793,27.3984548010831
794,18.9995657186758
795,29.0774495254339
796,27.911804707743
797,12.697060361413
798,29.8487330645863
799,19.8408236676442
800,19.3470119610627
801,17.191873863403
802,35.6680428923276
803,28.0947338365665
804,19.0815339548129
805,16.291364541861
806,22.9932690072452
807,24.5081178028686
808,27.1707651150015
809,23.9398196597288
810,45.9405746011625
811,29.0751866033261
812,29.7052208688849
813,22.1415296298224
814,40.8397362477043
815,25.2708046204653
816,23.7155217002195
817,29.8166518687997
818,16.1256162131324
819,20.4494509513578
820,14.7869494929216
821,24.4523951301251
822,7.85183799333346
823,33.2200478591655
824,26.487962289129
825,59.222856766695
826,18.1322016893058
827,43.3017380418165
828,29.6334350790455
829,30.8411186856796
830,15.853480608487
831,34.1819867892008
832,13.4900899016646
833,80.383935384907
834,29.1182681377978
835,15.3796777069299
836,26.6150115110309
837,77.3934189147061
838,30.6367946918048
839,18.0392731302697
840,29.3562383541647
841,16.9286190392192
842,21.353299610663
843,38.5822540343174
844,14.3770333996803
845,19.2944670165117
846,21.048010461647
847,150.00917323292
848,21.972577872119
849,28.4763378793466
850,34.0470337130981
851,27.8484408738528
852,8.81942370413757
853,41.8886785960468
854,12.9659054865054
855,20.282166246523
856,39.8674786507885
857,16.7011946340431
858,33.0330533027299
859,49.2402362530992
860,21.2944858707462
861,38.4244432559071
862,25.2680250438897
863,14.7712316838686
864,19.3909424116777
865,28.138139182254
866,28.112369852505
867,73.3964770639316
868,46.5710110936083
869,25.3163080887097
870,32.8430143199443
871,21.4176982863956
872,15.3754735133579
873,36.135075282202
874,17.7792836917497
875,23.7221747967406
876,12.4991237201228
877,20.6749217037411
878,18.7191432815714
879,50.6824477365385
880,39.5851983515327
881,49.6991404211097
882,32.5320860650817
883,37.7948798785124
884,30.5515626837632
885,25.839581075252
886,20.0689579493342
887,32.6762500423913
888,31.3882261345279
889,70.073295044247
890,24.8845422678295
891,14.9667374860239
892,32.8164014880186
893,37.5503771674522
894,19.4725656542205
895,60.7794023623921
896,14.8050332661446
897,33.2662622985793
898,17.6179930242688
899,23.0613370526425
900,30.856248439571
901,19.0739044331912
902,27.7868330429951
903,23.0231385235676
904,30.6934365031483
905,23.6201525625315
906,41.8117409456754
907,33.2848227939722
908,28.3248068100007
909,24.442366276211
910,22.7392924674309
911,10.555861313673
912,32.4668407636089
913,20.7114771334482
914,17.2412039000551
915,55.3651122527084
916,23.1279323582505
917,36.4137742292624
918,39.6273725723394
919,42.4276543309125
920,26.5742230212403
921,19.9242867641594
922,37.9019845035172
923,35.7227103615178
924,31.4322231670801
925,26.4463977524513
926,27.3956099370402
927,18.5769513348004
928,37.437710226063
929,56.4184858478674
930,60.3293060970449
931,30.9853899375518
932,29.1996053657001
933,62.0690878657144
934,37.5816134033464
935,46.7739812632515
936,24.9769123750846
937,46.1445314033673
938,46.6722671273767
939,24.1277075294416
940,27.5541742589822
941,30.5462920570598
942,22.5591472730211
943,16.315694554407
944,15.6824743660289
945,28.0405761951804
946,29.7606171402589
947,36.9517859928067
948,47.9522550523849
949,49.32345960717
950,20.816050379904
951,25.1991667126791
952,18.0890261900241
953,89.5125768511458
954,54.0938298005938
955,26.2865706433698
956,33.1523870891652
957,11.8338970081552
958,30.9773236255425
959,16.876526028497
960,26.9117091146276
961,60.7844159466121
962,24.037143082596
963,20.69896504692
964,34.03103731276
965,35.5739298851866
966,19.9155524079454
967,67.2274584239274
968,35.5551962844591
969,17.134443133233
970,12.7525679683596
971,35.6077086202825
972,53.8912819680493
973,27.7032706179514
974,32.5270150645475
975,22.5394836383238
976,23.6335794302275
977,20.8948028428593
978,26.0037055454072
979,8.15717254504661
980,27.8841808404766
981,25.2189443076749
982,33.6355680992456
983,20.8271110322131
984,25.426431413524
985,33.5793268176727
986,27.6774223401006
987,29.7278310458122
988,28.5212827167494
989,9.00622464018102
990,13.6588418974423
991,49.0530517942077
992,32.7788827769687
993,15.9197037405759
994,16.5611004039912
995,18.1580510225385
996,17.5473501500121
997,23.0374912129781
998,51.8795808960994
999,14.4407866913834
1000,11.6983254856559
1001,12.8436199658529
1002,23.1651253850467
1003,30.2253376630871
1004,38.2650415821891
1005,29.3526429524475
1006,32.0117556621754
1007,42.3385345716962
1008,25.2301547945794
1009,27.2850290621191
1010,32.9439727346504
1011,43.1271138916676
1012,45.7701493827893
1013,35.6631347406471
1014,28.8954281218832
1015,56.8096927043431
1016,29.29156260609
1017,42.9930734859629
1018,43.6989811595879
1019,54.3530929324348
1020,15.3498595054351
1021,55.2138237039014
1022,23.7996469776888
1023,32.5565501606845
1024,22.8121159416231
1025,13.2320013543164
1026,26.6009483132542
1027,45.5330338992267
1028,40.9715039686967
1029,31.9666492405626
1030,28.7054343014453
1031,47.1968899875685
1032,78.6130987383032
1033,31.0353371910839
1034,29.0345424527793
1035,26.1718233713121
1036,77.1205801903273
1037,51.5466899119487
1038,30.1648984424575
1039,18.5290548209069
1040,23.2755670327783
1041,26.2554687551338
1042,32.7896567948575
1043,20.0856609202953
1044,30.7683793296262
1045,18.0729887799845
1046,58.3634812245832
1047,8.46575726196089
1048,20.7611813281078
1049,27.7911060990117
1050,40.7032423855947
1051,31.2505378353689
1052,32.9571194808259
1053,35.4638456202357
1054,40.6779790512809
1055,29.5054657255995
1056,22.363988746505
1057,34.5921418277283
1058,11.2777428433324
1059,18.2993573561687
1060,48.1898874973927
1061,14.8901523423259
1062,36.2236972226423
1063,23.7394386275022
1064,23.8008466798803
1065,27.3688076332121
1066,54.0486516318219
1067,22.8056476086161
1068,18.7918805642832
1069,37.3926065481835
1070,31.4240536465906
1071,11.6760063965616
1072,19.180828992872
1073,16.8562818666882
1074,44.3082469884051
1075,25.1285396676008
1076,37.6865785665821
1077,43.9350850491774
1078,16.7098393270012
1079,17.0579546566044
1080,24.3161080024121
1081,26.7854869177736
1082,31.8242503505855
1083,33.2318839745531
1084,22.1666798089475
1085,28.124258589365
1086,32.5953450186782
1087,27.3681064454145
1088,32.2728978403074
1089,26.4380962798856
1090,30.8049893067281
1091,28.3946084090829
1092,28.1537912011943
1093,26.7182128860698
1094,45.4313152490591
1095,23.6313996249064
1096,23.8667610020994
1097,24.4353132283694
1098,15.9180538446615
1099,26.6129422241728
1100,42.1300335205445
1101,38.1494688199027
1102,18.4354015930483
1103,21.6650092832574
1104,51.9769185929026
1105,36.0393764994913
1106,37.6247413246998
1107,14.8144900630859
1108,39.7707409098532
1109,14.7349236619465
1110,51.2480344297824
1111,25.0258156487622
1112,161.976381290404
1113,19.250191203643
1114,52.6493957827695
1115,16.7848367243177
1116,33.6101276726505
1117,19.102461625373
1118,25.7702099819654
1119,20.3741338145635
1120,18.8037571715265
1121,20.2433935071293
1122,39.0657040044545
1123,24.2178948162894
1124,33.1357000152115
1125,17.6460174800628
1126,15.1564591024539
1127,12.0018624906881
1128,17.4603243791321
1129,32.3569480056254
1130,19.0762900845296
1131,16.7564680899608
1132,25.0383018663151
1133,16.2152721510592
1134,42.7033258539777
1135,44.7918452432613
1136,20.7290710275249
1137,39.2821419065011
1138,27.8819768111933
1139,26.8812836088504
1140,30.3663050202472
1141,12.8116841698037
1142,17.4195983024069
1143,13.1885748294394
1144,33.2532664194815
1145,32.8987208089485
1146,22.3754478606402
1147,25.724897101985
1148,31.9491529044029
1149,29.0024957188222
1150,20.7295251069025
1151,24.8522861605282
1152,21.5875164819783
1153,23.5974243231116
1154,23.1329668768905
1155,10.7560180065134
1156,26.3421331152314
1157,52.1188837808294
1158,30.0046931410431
1159,13.0331768731038
1160,20.9528220812848
1161,25.7914626914067
1162,22.8061784641981
1163,18.1193016966015
1164,14.2643956523945
1165,25.9652193078898
1166,26.2099526751763
1167,36.7766933847575
1168,17.7901010892909
1169,24.97601137918
1170,39.090419346889
1171,34.9238903905206
1172,22.6227344676644
1173,50.5306963758085
1174,38.6904950096134
1175,25.9314676353196
1176,30.7507535334755
1177,19.0907846883395
1178,38.884170456602
1179,37.3443590420612
1180,16.8732434915519
1181,13.651610746264
1182,24.4637676027186
1183,27.3751258706955
1184,42.7379916591768
1185,175.418322619247
1186,20.438581812364
1187,29.2625481089767
1188,34.7333088390298
1189,31.7460286032927
1190,30.8853762125555
1191,19.7444000551582
1192,21.836536644855
1193,26.4623812324755
1194,12.5183313368051
1195,15.2685265437711
1196,20.1281010053083
1197,42.4426450926624
1198,17.2221876317639
1199,23.4857959129133
1200,32.1212905612424
1201,37.6793940329166
1202,40.1726433510417
1203,33.298793259899
1204,28.2009882854353
1205,36.5561431649235
1206,23.0591572788345
1207,43.3974532626832
1208,36.6803472412046
1209,55.0480588813851
1210,34.7102167206592
1211,26.4704288917933
1212,49.348410801052
1213,132.32132554685
1214,28.882641038395
1215,37.1539837744276
1216,24.0800040073631
1217,53.730335921465
1218,22.7190082947204
1219,24.6126090784957
1220,25.7655739968726
1221,34.1805239058778
1222,38.822745223005
1223,32.7012381065485
1224,11.3443707467664
1225,13.5165365247405
1226,13.6636754039775
1227,24.6839588367146
1228,13.1733118902177
1229,29.0308320122278
1230,16.9488359164992
1231,6.341634886992
1232,29.5004269939776
1233,20.5947876616929
1234,24.4213848500524
1235,35.4251760627816
1236,21.1600460920029
1237,28.9427919648514
1238,13.0361794752099
1239,40.1357848102583
1240,20.4099604471091
1241,34.7471950510986
1242,7.88855365062832
1243,35.385614763345
1244,14.3696811576189
1245,25.7913476947723
1246,30.9348632236768
1247,35.1127229141897
1248,17.8842475561951
1249,47.8733321288652
1250,13.199989483237
1251,43.1766326327279
1252,38.3324225032153
1253,35.2586089389183
1254,34.1401838684218
1255,18.6129747101916
1256,27.9928516986895
1257,32.2886381877772
1258,20.2034029929521
1259,14.7414432129014
1260,23.6010142278297
1261,37.2067949941929
1262,65.0398611460371
1263,23.2820285289874
1264,33.0097904256209
1265,12.7456340900958
1266,13.9689725736345
1267,11.4841031509437
1268,21.1000611034597
1269,51.9877662826443
1270,45.0088398901191
1271,29.138541077394
1272,14.4608655002487
1273,32.1462056362029
1274,35.6089813862302
1275,30.1652403517726
1276,23.3033887722518
1277,28.7190550277863
1278,23.9457324579136
1279,28.4374927637522
1280,19.983810449727
1281,39.0972909128098
1282,41.0545778440509
1283,14.2713072551641
1284,15.7524918703411
1285,31.555569724174
1286,19.258042043694
1287,20.3240380827115
1288,22.4071558794376
1289,21.0346976852075
1290,25.1722464924591
1291,8.81967336622431
1292,36.5502352220148
1293,44.7631377719521
1294,20.1056796643493
1295,18.2697281484639
1296,40.4233288293781
1297,31.3654201840527
1298,30.1763898695431
1299,27.1947317402556
1300,14.4234948745694
1301,30.7570280293978
1302,17.2130718184086
1303,113.885839807644
1304,25.9748302912797
1305,36.8001552474624
1306,30.9568025978347
1307,29.2389443215981
1308,18.3458070638014
1309,40.8750865274439
1310,49.5165531714422
1311,64.6162390526384
1312,36.279642302694
1313,68.1865594417797
1314,49.5826246232067
1315,36.6885107848339
1316,25.9533189501312
1317,67.0066498126232
1318,57.3295682250669
1319,34.1434007507995
1320,18.8693239376275
1321,17.9521519604903
1322,15.6686315560891
1323,30.0580988421628
1324,14.4098737328796
1325,39.6509657180086
1326,39.8097474537289
1327,21.2306262136442
1328,59.5482095108993
1329,41.5991219509947
1330,31.5065184050056
1331,23.445142349414
1332,53.3839881986499
1333,37.1397903149266
1334,41.4063555383053
1335,19.1316910855298
1336,37.3246165895573
1337,17.3729496503378
1338,29.42836055735
1339,38.7674259373689
1340,32.8773132238452
1341,30.3853776532752
1342,27.4082894907891
1343,63.9259972966394
1344,37.9884344393994
1345,29.6744235915071
1346,66.5379905372916
1347,41.9583312403103
1348,9.25589029184052
1349,23.1613347698313
1350,28.63300764819
1351,18.3188844795595
1352,19.1578288926714
1353,23.1680244823666
1354,9.38675090114679
1355,17.2549960225881
1356,23.1492672907633
1357,20.900209847185
1358,35.3848636878978
1359,30.980971159826
1360,17.386495509279
1361,28.5187255199979
1362,14.3692664596329
1363,15.8102641474178
1364,44.7549199289343
1365,19.5659668131409
1366,5.89991569018799
1367,20.342702634155
1368,29.531125503016
1369,17.8519189751776
1370,21.8766491426294
1371,17.7272341312647
1372,32.2813918437348
1373,47.7884520167464
1374,24.5548024408325
1375,31.5198830341368
1376,24.5881270709281
1377,38.9171681267603
1378,19.9017090879913
1379,30.2722033831387
1380,30.7679800248999
1381,46.5814979097299
1382,35.3756942334866
1383,31.5034788619383
1384,13.4898395210723
1385,40.6638910285204
1386,33.8196838345108
1387,52.9844911374729
1388,23.853191133475
1389,25.398127829238
1390,15.9970522804812
1391,41.4626609236574
1392,46.4864157216135
1393,18.8418246224299
1394,28.1655096557704
1395,45.7072923402078
1396,22.9957529465392
1397,9.23200795010684
1398,13.2398903794359
1399,24.0521855856352
1400,26.2843676166523
1401,25.4503665581255
1402,19.9355672505321
1403,18.4656415066068
1404,11.6550659566913
1405,30.6225896174164
1406,35.6512839129431
1407,29.5808328613591
1408,17.4039040919565
1409,18.0314848284195
1410,10.9487775592415
1411,26.934030517148
1412,24.989748098728
1413,71.8812677257452
1414,10.1984053368696
1415,28.835727269305
1416,16.5881106776677
1417,15.7081990223962
1418,33.2676089321566
1419,25.7337573959484
1420,7.89175266829772
1421,22.7431134838888
1422,48.2780147121555
1423,22.4143235155535
1424,13.2296744357071
1425,24.5033451863646
1426,22.6740774734672
1427,9.88542823841542
1428,15.9966593366729
1429,26.871667890504
1430,11.64552931548
1431,27.7446397745133
1432,13.3548667154196
1433,27.7432760407699
1434,29.8708773427423
1435,16.3078430516681
1436,17.6113530567027
1437,34.504861573651
1438,33.9265341354838
1439,16.0799896624232
1440,34.2370240220902
1441,55.0766487923763
1442,33.6828065550295
1443,27.9895622428077
1444,15.6321016345408
1445,24.1794390163867
1446,25.7640705152797
1447,22.7229671487209
1448,20.429445309137
1449,18.7524822221533
1450,30.6646691179011
1451,11.2353283701555
1452,38.5905285453558
1453,8.44528708654022
1454,15.1878509594513
1455,58.2061986810535
1456,68.2718510567103
1457,24.8660691535213
1458,17.2301049618688
1459,18.0866495902228
1460,23.6266564942067
1461,27.3907605607382
1462,12.0804973519559
1463,45.2663184392782
1464,29.223260453503
1465,23.9867309402866
1466,28.8054961469843
1467,31.7238372462365
1468,35.260257514944
1469,15.0869725408978
1470,29.6252538041641
1471,23.8398715944162
1472,17.4946773903461
1473,29.3731235508097
1474,17.8498603399419
1475,11.798787643573
1476,51.8718351980287
1477,19.4088754891544
1478,57.7031319821278
1479,21.9331732633198
1480,9.21785956324821
1481,32.525743412765
1482,15.0043626240884
1483,24.1274311718688
1484,23.4679236585906
1485,31.1577257589411
1486,32.4526797245228
1487,20.8816658494868
1488,52.8290952255108
1489,40.7597101795801
1490,17.601233660867
1491,23.7953211806497
1492,19.6285040930807
1493,30.5036058747585
1494,20.067947915572
1495,18.7506669371308
1496,52.9347121231395
1497,44.1737563868856
1498,26.5495144896054
1499,13.6568345903281
1500,33.5045366493526
1501,19.7504050915787
1502,48.7414910304211
1503,85.5473985027307
1504,12.5067652652572
1505,21.571761336918
1506,9.83855355453584
1507,8.43202467028033
1508,29.4567704563139
1509,10.5282088011673
1510,16.9016482693598
1511,24.0822402652583
1512,11.4605622818859
1513,26.5758323854202
1514,50.6804779548033
1515,73.0025741622164
1516,30.2231226733242
1517,15.2645148644401
1518,18.5912512294886
1519,27.2228622474615
1520,30.6680837815677
1521,20.4335371534765
1522,19.8706879808407
1523,18.7854722927413
1524,22.4034461266283
1525,36.3971201940754
1526,13.7119378363906
1527,25.8845068106504
1528,16.6883140369272
1529,23.6374585284477
1530,25.6523795209707
1531,23.9347007855485
1532,39.4219524876101
1533,29.6117986898099
1534,28.0607381627236
1535,7.77220679789412
1536,27.7660344423845
1537,20.1012431634445
1538,15.1916754205817
1539,30.563549219769
1540,18.1620163026767
1541,19.6297985855505
1542,24.9396989642942
1543,16.2014552177699
1544,29.5604642222427
1545,30.6553605769712
1546,27.9856031718035
1547,31.8666937087855
1548,36.98318278592
1549,28.2487253097956
1550,11.932640709455
1551,15.7207349792841
1552,43.2666979729025
1553,22.9368323720609
1554,10.149283258018
1555,27.4723059386949
1556,14.6144193947206
1557,18.9178042873944
1558,12.1401698690118
1559,28.6519768717409
1560,18.8610460031765
1561,10.9773453924469
1562,20.5651891530558
1563,25.4821425760259
1564,29.8320133553295
1565,6.09562986362446
1566,22.124594621572
1567,18.5018366080992
1568,40.7770882365956
1569,34.6349709164277
1570,19.5066787487736
1571,19.4731369355621
1572,26.7866610112479
1573,55.3658277436945
1574,20.966848941203
1575,31.8294656897269
1576,22.081151973914
1577,16.3357764664456
1578,38.2894036387428
1579,14.8660556014137
1580,13.2650019618778
1581,19.0672802132103
1582,12.6915621727077
1583,20.1458584144751
1584,33.2501903652312
1585,47.5140668916519
1586,20.7732731187546
1587,19.0297675711479
1588,24.1666678588686
1589,32.0412844836383
1590,19.4413344583344
1591,45.0881046201441
1592,41.2197836669269
1593,26.1058634697117
1594,38.8572801160526
1595,15.4698910845535
1596,37.7392944368813
1597,20.8559990142834
1598,11.1581118800517
1599,29.8727666980503
1600,48.2635404274439
1601,22.425357835262
1602,54.4668130425335
1603,45.486265927551
1604,19.158328610229
1605,26.7901060174753
1606,30.5710958999455
1607,22.1419593599568
1608,25.0217912962503
1609,27.4265988798611
1610,15.1583590104506
1611,17.4189979357265
1612,34.9271549089854
1613,26.2507689534085
1614,33.2454121251292
1615,14.6743923639405
1616,22.2213311845117
1617,26.1046386895204
1618,25.6975011486899
1619,43.2671797649026
1620,21.3412698946841
1621,20.3364929710427
1622,19.0988717712107
1623,32.3218710750929
1624,33.742434738556
1625,20.8776637291538
1626,10.718485924539
1627,100.704281919888
1628,23.3927578106026
1629,39.6018101155322
1630,15.639392995429
1631,23.17810335043
1632,23.240045078336
1633,35.3049642725471
1634,12.4342088881521
1635,18.842901261739
1636,52.3132236964591
1637,24.0080272611866
1638,24.9908574009241
1639,36.403082116504
1640,50.9949563112533
1641,34.2172784552569
1642,16.6667401143871
1643,15.4694113055433
1644,10.6691198247803
1645,16.7380100759207
1646,34.5739411167558
1647,24.6053213019573
1648,23.5200733851334
1649,24.034135914846
1650,13.3808793609441
1651,32.8509874245833
1652,23.9925551268909
1653,15.8668642612261
1654,36.6986835960982
1655,30.0549853548894
1656,22.8964909747561
1657,16.7938002920745
1658,25.7489796181409
1659,37.6069093047841
1660,33.7165083384763
1661,18.2062278626814
1662,26.4909627707494
1663,23.9634637208901
1664,17.6969197820376
1665,22.7780702420122
1666,10.2757470274094
1667,22.2502210199938
1668,29.1088668068395
1669,28.7797084243929
1670,20.4982040147855
1671,16.6548963631052
1672,30.004599760635
1673,8.67190488163634
1674,20.3547275245014
1675,51.2651649335461
1676,18.2229078103312
1677,9.06498256070747
1678,37.8121746088496
1679,41.1719619454314
1680,8.03534492361634
1681,28.2183567731245
1682,26.4372172449898
1683,19.2391055013163
1684,17.5526906043774
1685,18.2076561951817
1686,8.43795005449215
1687,19.308190812226
1688,20.1732609115328
1689,34.3842685025713
1690,35.1945484603822
1691,7.20717541025948
1692,37.6789632854237
1693,12.4790418974519
1694,8.22245685258984
1695,12.4684842115221
1696,15.1577769621911
1697,17.9324831210048
1698,10.7426890790053
1699,8.13899083170753
1700,20.9542560156611
1701,18.6557462828522
1702,36.337316272617
1703,20.7021071763642
1704,18.477600300497
1705,25.9089620954662
1706,27.6672414448563
1707,15.551359721205
1708,35.2481078024442
1709,18.17920306766
1710,16.1899343308495
1711,12.7452132438405
1712,35.4777693626569
1713,17.5036097080094
1714,37.5824272524287
1715,51.6352035474535
1716,25.3932355636248
1717,105.042881087784
1718,23.9335025554
1719,13.4115936834929
1720,43.4411942908197
1721,26.1029514553812
1722,99.3710272892613
1723,16.4182714903325
1724,18.7931672842783
1725,27.6674810551561
1726,8.71634313322146
1727,11.0704530702163
1728,16.4317992885533
1729,40.2708644082229
1730,12.6160740042859
1731,34.5363203662655
1732,29.3379492345746
1733,29.9921547485744
1734,28.2983153983454
1735,9.62259930184831
1736,25.9726626602785
1737,23.340020064089
1738,16.3115143107631
1739,24.0227927933336
1740,25.0725752232547
1741,19.771628677128
1742,52.9753902452862
1743,15.5072951055549
1744,47.0579195220431
1745,17.6609020941172
1746,23.5091850514138
1747,20.0744843731968
1748,24.6561059460108
1749,38.6316634654066
1750,13.915364084148
1751,24.5670638370971
1752,22.3962450184954
1753,15.7145074744004
1754,23.7326050280068
1755,38.7328328318265
1756,18.7549570784855
1757,23.1314428568033
1758,17.7633574237387
1759,26.2167901406565
1760,56.3305258725852
1761,48.4991597398138
1762,51.1243073187679
1763,21.4298228103542
1764,36.9708766680015
1765,32.3810055913099
1766,26.9636085653004
1767,70.4487018279169
1768,39.3976284660107
1769,19.7023257087112
1770,22.8084290614481
1771,11.8442133899329
1772,20.9388516986801
1773,23.890546365466
1774,12.9788970792749
1775,75.2206826110445
1776,10.763548986856
1777,16.0468464175183
1778,24.8334958471232
1779,25.7410760792338
1780,36.2616839241407
1781,33.1883421559473
1782,34.3514735184994
1783,17.9534178735354
1784,12.4641658830202
1785,11.9195628516549
1786,11.8696803055638
1787,19.0608406748008
1788,11.2352427632599
1789,38.1178196989169
1790,6.8429021426775
1791,10.2661817551351
1792,20.0130979515246
1793,18.6332941191274
1794,15.9628242150916
1795,24.9171811288952
1796,13.3615323520354
1797,38.4330980224374
1798,25.8361866473059
1799,21.4668544956232
1800,20.2568907203614
1801,33.5459279746538
1802,21.1881531164049
1803,29.9477385577882
1804,18.8663079433417
1805,28.300433521868
1806,16.1550020393901
1807,28.1038780646029
1808,31.486547995321
1809,10.3747500094537
1810,14.7526280119635
1811,20.1401021900742
1812,12.1361375103293
1813,10.716671701501
1814,10.4561839090719
1815,21.6182117063159
1816,5.45656266833265
1817,70.7677804484215
1818,20.9021680706799
1819,24.2746281944706
1820,51.3623411307757
1821,91.4138243227538
1822,28.2634846607108
1823,11.5155975662881
1824,18.7069187032269
1825,21.0644526244344
1826,11.6662648479844
1827,20.7648790784615
1828,8.24773181953378
1829,20.8930311889796
1830,28.2502691697538
1831,13.0662568302871
1832,18.2121940891832
1833,10.043476389644
1834,7.33062730797106
1835,15.219600612714
1836,7.57556251054998
1837,20.0338565667146
1838,75.0056701913302
1839,11.1490527587124
1840,14.9168096910167
1841,26.50573711538
1842,18.721033107346
1843,16.2311612908154
1844,22.5197006632189
1845,21.5601341067062
1846,22.6121472361119
1847,26.1416148110629
1848,10.0072027050226
1849,13.6950685718103
1850,23.2977248183666
1851,42.1397231931838
1852,19.364719548301
1853,22.6077522858952
1854,13.3947749176796
1855,23.8197823205775
1856,18.7086237340916
1857,20.4952405271687
1858,25.6475009021192
1859,29.2319564040151
1860,27.1522838041579
1861,20.9218838304317
1862,18.8722744687104
1863,28.934269391248
1864,29.4132769112408
1865,27.4060650570585
1866,42.1279530684721
1867,30.0304472244898
1868,20.0003943418932
1869,25.6345113805374
1870,41.8933126676371
1871,21.4672541054173
1872,22.59672517093
1873,24.5680108160475
1874,15.4037140034548
1875,19.9009187951322
1876,23.8676543278497
1877,42.7245479846993
1878,16.7550887815101
1879,26.6704540357003
1880,27.5535059633661
1881,17.0760622402295
1882,29.6841992745932
1883,14.725278583522
1884,14.1057240199403
1885,12.8813675565617
1886,22.1071197826654
1887,34.0682601242004
1888,10.797987907432
1889,20.2399539490489
1890,11.4994872745821
1891,17.4537181812322
1892,66.6173830231353
1893,22.4504661188319
1894,9.90826816230013
1895,16.8554092551062
1896,26.1243864478924
1897,9.85025924446761
1898,16.5963182781746
1899,43.1752506105512
1900,22.1125828843013
1901,35.2656063165671
1902,85.274488218185
1903,16.2405633986138
1904,31.1271100779937
1905,23.7017599128593
1906,13.032897230868
1907,61.2467824889543
1908,7.80625734860478
1909,18.3074076902457
1910,18.1690531003172
1911,35.0278415047527
1912,17.7857593277167
1913,18.2238469706098
1914,14.8943272136144
1915,23.2494303641875
1916,32.4809766312419
1917,37.1237125192671
1918,31.6906096469583
1919,18.4799411269375
1920,37.6288030329693
1921,35.5102870474506
1922,25.7136664214149
1923,21.7838572790394
1924,22.3913264636841
1925,22.7271598875296
1926,34.1131196320747
1927,18.2669495375645
1928,19.1360189235282
1929,69.3858011472783
1930,33.0906164933107
1931,41.3141700816946
1932,13.1074387207964
1933,21.426786856064
1934,19.1179209578891
1935,19.0924104318809
1936,31.2731277670536
1937,23.274599075808
1938,25.4414394873658
1939,20.0241109899214
1940,7.66085603560848
1941,20.048498445355
1942,11.3459616946286
1943,25.1850168864834
1944,14.2120622516741
1945,12.6335701476043
1946,29.1775762882854
1947,60.8177944695851
1948,20.5963866220659
1949,11.721213482849
1950,47.0188905795095
1951,20.3232198100858
1952,50.1125955536637
1953,26.7975181297517
1954,13.0386073322659
1955,19.1427827541957
1956,18.8840058442959
1957,19.9462664383892
1958,21.3762353041197
1959,23.187667035524
1960,35.9481193081897
1961,55.0647089224068
1962,31.8548885960172
1963,40.1481765564881
1964,27.9660422743499
1965,58.0661556632328
1966,19.8113613574597
1967,31.850028591836
1968,48.9789342845949
1969,59.3127415064184
1970,36.163131362069
1971,63.232106783263
1972,25.7103980120456
1973,62.5548480639696
1974,60.1037134601722
1975,24.7105235717828
1976,19.9652335039526
1977,53.5817794215875
1978,45.7504418276776
1979,9.70502340372178
1980,21.1621797092816
1981,34.366967761821
1982,38.5050049442092
1983,45.8972194767193
1984,41.167460354305
1985,13.3922485265085
1986,67.9526093496891
1987,33.1582695186832
1988,70.3663057625196
1989,15.610848704663
1990,20.3223867123502
1991,27.0124424147709
1992,37.596522702617
1993,10.2460501793128
1994,56.1608318977496
1995,17.5563840673026
1996,47.8354062690972
1997,54.5996311358967
1998,31.1229946419159
1999,21.5809148268884
2000,16.053342895885
2001,37.6604081054029
2002,23.5777379074277
2003,92.4193115568851
2004,18.6678391274387
2005,22.727936677715
2006,52.0810870583538
2007,22.5940536841443
2008,17.2048461865078
2009,16.1723591660643
2010,29.8382217131792
2011,29.2153621651211
2012,32.843262714194
2013,48.3936229818483
2014,29.4706203858879
2015,25.5777939468363
2016,11.9851181760332
2017,32.2751622911137
2018,36.0491949109175
2019,35.1603106895011
2020,37.215215462744
2021,16.8471428766653
2022,19.0004253684068
2023,27.7613306057303
2024,20.1115667545112
2025,14.1991792326723
2026,23.8462416920119
2027,29.6981224660756
2028,60.568002345411
2029,26.3882622914314
2030,60.2169424181248
2031,16.9174299744889
2032,32.6542593763142
2033,23.1072044449444
2034,20.4919423928054
2035,16.4337712480644
2036,20.6998914123022
2037,18.1374635928645
2038,36.0170266024981
2039,34.5820026499861
2040,30.5740163015459
2041,35.6047280618523
2042,37.3180222123804
2043,40.3275214671208
2044,94.7777533112169
2045,88.1506431878166
2046,49.8233214050582
2047,16.6571492495986
2048,20.8177425208628
2049,20.2677585814475
2050,20.4522697896403
2051,22.7377839415562
2052,23.0699668113097
2053,20.8651585492943
2054,34.1540480211792
2055,45.5182625300388
2056,16.4510802623476
2057,39.4607087657411
2058,28.2043795626187
2059,45.1332943042449
2060,20.2261983577043
2061,23.8401515222427
2062,40.3870167298857
2063,38.3008567279576
2064,11.2916119910586
2065,16.5941096562682
2066,24.9558589524081
2067,25.2187592165001
2068,30.8677952112446
2069,58.9715687336385
2070,16.5815247963827
2071,25.886663621179
2072,42.9098648341496
2073,20.9013434696517
2074,19.3432965510209
2075,23.8648970660093
2076,28.4719422949962
2077,14.9522326412958
2078,46.9744576921426
2079,29.0648145333032
2080,17.663136235846
2081,34.4897141676413
2082,23.8581688263676
2083,28.6454549244373
2084,57.1830176211504
2085,42.3351222003885
2086,17.8118316280893
2087,91.3934773605148
2088,28.599496992253
2089,29.9703838559051
2090,50.6989668703506
2091,29.8908270379904
2092,48.3350995039702
2093,50.0965477788019
2094,17.440365108234
2095,23.6222272967056
2096,46.1442779178279
2097,57.8017961650295
2098,21.5943218729736
2099,26.4556574846829
2100,14.1500416503359
2101,36.59382457404
2102,42.9938156878115
2103,17.362004131135
2104,19.0295787890251
2105,21.7580980821382
2106,13.5237434794088
2107,25.9296808226236
2108,53.5654690964095
2109,28.0360229388873
2110,43.230842929644
2111,60.63244478321
2112,25.982294853276
2113,22.3034363511599
2114,16.1965824410489
2115,32.5150593410044
2116,28.3001376100276
2117,36.2368787056044
2118,27.6636412680387
2119,32.0495694334567
2120,41.1301582402452
2121,61.6898092655585
2122,39.8762752318974
2123,33.1200373018233
2124,46.504028634881
2125,37.7610027778423
2126,36.3232786131444
2127,36.184110569209
2128,80.8515138254862
2129,30.8870787294835
2130,48.2539538403677
2131,27.7947991720297
2132,42.7458081681226
2133,29.3811120444299
2134,38.4496831939445
2135,52.0721131086902
2136,47.0690577112323
2137,55.4709399613019
2138,30.5048371524219
2139,25.4068965585037
2140,68.2615618312688
2141,37.0627378478114
2142,26.9942124894263
2143,25.4121382517817
2144,22.3873606429072
2145,44.2440295418334
2146,20.6034119542451
2147,23.6573094012034
2148,59.1716885058723
2149,41.4951657546031
2150,25.5596161861124
2151,16.2521655612709
2152,32.5250058639503
2153,33.841972880893
2154,30.6489458295168
2155,46.9183713067549
2156,41.8490896267789
2157,11.6068535463911
2158,34.6260466694753
2159,19.2647629795896
2160,19.7657068327938
2161,37.8393334828818
2162,33.9893506724502
2163,19.4372697425553
2164,20.6709079569361
2165,53.5138500112142
2166,43.3680034812461
2167,74.121777436841
2168,9.16286494811008
2169,31.7813654068628
2170,27.767333791766
2171,34.9270191182817
2172,24.468004384335
2173,20.4680128260381
2174,28.8057787948832
2175,16.7697032398304
2176,13.2231547129752
2177,26.842771202391
2178,14.9715861874077
2179,73.087483020781
2180,27.7573524410677
2181,54.4233378631999
2182,59.036116915637
2183,40.6197825193218
2184,104.239291976347
2185,41.9574364908111
2186,15.0909959868645
2187,26.2651292952754
2188,45.9093237966125
2189,23.5586095996615
2190,41.7588342521694
2191,28.6535304395199
2192,27.1499344417212
2193,96.4548601546862
2194,79.9291824846299
2195,46.318344041477
2196,33.9659682445134
2197,35.9094163563506
2198,41.0791219733338
2199,25.1682617272729
2200,28.1027888558352
2201,29.5049542254336
2202,47.4413759654558
2203,84.1048958284735
2204,14.0386065247178
2205,39.0039160630156
2206,29.2119943418427
2207,47.1979107393923
2208,40.2321885798947
2209,32.6743846000621
2210,43.0235672815866
2211,9.88176046980595
2212,54.2951224728115
2213,12.7018721347548
2214,21.3557038506211
2215,22.6624592358254
2216,46.3072396577905
2217,17.769162300671
2218,33.6518604831356
2219,17.1452318217686
2220,27.3899668704408
2221,55.9624841344581
2222,41.8720717811204
2223,60.8925174231438
2224,41.767681822316
2225,57.0682627143955
2226,21.7050076509091
2227,61.5917511593169
2228,19.0389494205288
2229,60.6167901506519
2230,30.1255622632218
2231,68.5102993866254
2232,35.9485935542244
2233,22.5530871892526
2234,74.0757751920257
2235,39.4427646064624
2236,94.8276675020288
2237,91.9127116603318
2238,59.2708490875509
2239,117.542714967292
2240,16.3895025893766
2241,52.8739198985746
2242,52.3473146723031
2243,19.7540476982624
2244,68.8232896927888
2245,39.0822413013494
2246,30.4515236130363
2247,33.4989806933006
2248,24.5469621870619
2249,29.4021908780129
2250,26.5081699279375
2251,21.7694050975832
2252,32.1597035901286
2253,15.7232159014444
2254,25.5527875832266
2255,58.0136045430167
2256,42.0928003895635
2257,24.8064534975004
2258,47.850082581684
2259,31.6470230768105
2260,29.9784957493574
2261,127.513012149224
2262,44.3343036542421
2263,32.1643140380496
2264,23.6442399588248
2265,49.3169833054084
2266,31.8732613953426
2267,33.8185618959604
2268,41.2241784180188
2269,19.0697988677609
2270,46.9014888385264
2271,57.1430094558034
2272,21.9326852022802
2273,34.1140827534511
2274,94.3153103213179
2275,41.1715522671162
2276,20.9235384294769
2277,28.7101632612731
2278,52.2817935417658
2279,31.1839245698429
2280,12.5696294938643
2281,22.3357040202919
2282,44.3315140090283
2283,18.388653194905
2284,40.616111212467
2285,40.2678113828855
2286,14.2288290689444
2287,19.9443939424571
2288,21.1150384352335
2289,10.2152295401954
2290,13.6366416904205
2291,14.9361390988514
2292,16.2183529558322
2293,41.787416864089
2294,13.0215606087689
2295,40.4941917367133
2296,18.7513511155803
2297,20.5964127144445
2298,22.0021994674323
2299,13.3828291415041
2300,45.8816507799389
2301,22.2884396793777
2302,25.3704729661774
2303,37.7499324907968
2304,13.6477492827478
2305,13.3259467138049
2306,20.9350359872545
2307,34.1927999634529
2308,59.6311659663176
2309,19.9778760437481
2310,24.7620855073704
2311,25.7749581227511
2312,24.0927012519973
2313,12.6260747250948
2314,23.3328804932862
2315,15.2928398220144
2316,66.0390310250992
2317,12.643652302977
2318,21.609185381469
2319,48.5080939995756
2320,15.9229366110618
2321,38.9890037033544
2322,22.0344716223328
2323,28.5074069581873
2324,44.8909457823036
2325,55.2496738808397
2326,24.1463423831383
2327,33.0291054352996
2328,52.6279880287047
2329,46.1143971626116
2330,50.0791394347829
2331,28.7580100774314
2332,53.153103168972
2333,30.6642638508858
2334,12.658838269929
2335,21.5456642626734
2336,30.4474689562262
2337,47.604467308191
2338,29.6969505531245
2339,37.6698090475457
2340,32.1090087559942
2341,19.9987068254831
2342,16.3272111822518
2343,37.3604658865707
2344,13.1570979557806
2345,21.6535000161394
2346,34.9777285114097
2347,39.0942731504922
2348,33.8320651386601
2349,47.4866644473275
2350,78.0471782471258
2351,46.36549775045
2352,42.6738755995229
2353,30.2558115569082
2354,47.010173085789
2355,31.0806775930006
2356,35.7881955920149
2357,28.3351674404932
2358,28.1996902873202
2359,46.1780398588659
2360,27.4092315265171
2361,14.5630694686844
2362,15.4110965510499
2363,24.6800682076192
2364,21.5409063100783
2365,27.0734529144855
2366,41.8740018239382
2367,50.3933635407821
2368,18.8894502827554
2369,26.963512183327
2370,15.5851708957076
2371,28.9746405148022
2372,58.520800241156
2373,20.1221617062382
2374,66.3947301117392
2375,45.7103506044722
2376,13.1751949302804
2377,22.8274645936563
2378,45.4309172583977
2379,94.8293100730384
2380,35.8198360933243
2381,39.7073075401562
2382,29.2902884922053
2383,28.7844236721484
2384,37.3488388022218
2385,38.5031731701808
2386,27.3450433941674
2387,18.4185392722204
2388,17.4230170693221
2389,14.4596800012188
2390,20.2008459272057
2391,35.589684951128
2392,28.4577930855866
2393,11.172530944581
2394,18.6136775298612
2395,40.3025861607216
2396,17.3925618651072
2397,10.3086932174762
2398,52.5571488824535
2399,14.9667886336312
2400,36.6150519737837
2401,51.4768597242706
2402,27.4446930439343
2403,7.6869803751943
2404,14.2030536717263
2405,13.4728113044757
2406,45.3204983269772
2407,13.2619086597452
2408,30.0629059813443
2409,37.6166117742451
2410,36.7316834736776
2411,42.8932077121035
2412,25.9078845059906
2413,48.3969388701261
2414,56.9494485606255
2415,25.9222153937646
2416,39.2385716920224
2417,43.2925689814239
2418,18.5897756131747
2419,34.2282145271484
2420,37.8531001481624
2421,14.1340766007152
2422,32.4465631011621
2423,29.8462776268078
2424,39.1229834850429
2425,9.23094381997804
2426,20.1169372930339
2427,22.2407600928994
2428,50.7100169544762
2429,35.6328232651342
2430,22.708617055263
2431,33.5601551223533
2432,43.4617259490768
2433,61.7030036399695
2434,9.22339753905885
2435,16.3948410922539
2436,48.3021261329787
2437,67.0112475603228
2438,31.6451905107897
2439,29.7894879695649
2440,19.7278948581584
2441,17.7910573589712
2442,47.96442963056
2443,41.1791437903148
2444,32.5810466588931
2445,22.9334154775625
2446,45.1956508448562
2447,43.2155538421669
2448,19.8625774276917
2449,39.4508154929832
2450,27.3530501287663
2451,32.5704935061898
2452,22.7183861272044
2453,34.9737913584519
2454,29.8331423516245
2455,127.1563648982
2456,27.0783135186447
2457,31.8436119456153
2458,31.9952432540387
2459,41.1123988083935
2460,34.1577191959668
2461,57.658931125943
2462,46.0530463001057
2463,44.8326030121125
2464,25.6917260760404
2465,16.572856788325
2466,32.4569850669315
2467,52.3039902074268
2468,38.5830807499073
2469,19.8971520860854
2470,26.5529982084954
2471,51.2511458640257
2472,37.0112507397224
2473,28.0998113137695
2474,27.7522083347821
2475,18.3825823246373
2476,30.1548318381245
2477,32.6980153680256
2478,28.2977727156172
2479,24.5277795483534
2480,35.6866447388283
2481,37.047214523605
2482,48.28097472522
2483,21.0972022678119
2484,52.2608208894968
2485,27.9975632836239
2486,9.19317529884849
2487,23.5805091217368
2488,14.5211132453302
2489,15.6254437182606
2490,19.0451079032706
2491,19.5249174350211
2492,11.375015079429
2493,25.9083038445298
2494,43.1937694055173
2495,41.5652476512868
2496,15.2011591677104
2497,11.2167539291105
2498,29.2976910705958
2499,19.8294517371108
2500,42.5673482461915
2501,31.4019643415792
2502,25.751271198357
2503,27.1288464983761
2504,20.283078627997
2505,12.5569271398646
2506,29.225977372447
2507,12.7102085300066
2508,18.6521321319803
2509,15.8297720049871
2510,23.6776449652775
2511,34.7556751038282
2512,31.7640774883483
2513,20.7128009497315
2514,31.915560426458
2515,23.8359311683118
2516,15.8329870516928
2517,12.4774396862089
2518,21.0866990729115
2519,15.5542957784545
2520,41.7244924617048
2521,45.3306386722821
2522,12.6491615154195
2523,20.3322229968197
2524,44.9622464067456
2525,19.0346001391716
2526,19.8526341536717
2527,23.2383779379457
2528,62.4513021425856
2529,21.3277274102988
2530,21.7345910016905
2531,18.0315125138547
2532,14.3856466881461
2533,36.3002323204608
2534,15.6029820615501
2535,25.1355009811133
2536,14.179367830158
2537,13.7268211305909
2538,25.4741141765092
2539,23.3031407735636
2540,32.7536712713225
2541,38.23965719714
2542,15.4771521015302
2543,14.6950728132665
2544,20.280474580671
2545,13.5443256275692
2546,11.4516804588898
2547,31.8282053592068
2548,26.3404065864719
2549,30.1381928690173
2550,28.6027618468442
2551,13.5929257558662
2552,28.5072804229488
2553,20.7551917670699
2554,52.8504921953616
2555,234.871715282486
2556,18.4794300513142
2557,25.3032310531227
2558,26.9020708896594
2559,22.2021872982405
2560,21.0089012940955
2561,58.9090977376609
2562,40.0846953092224
2563,15.2797015886032
2564,12.706125829602
2565,40.3785677541365
2566,27.9602411098437
2567,34.4868218771777
2568,19.8835043015227
2569,23.2176552520519
2570,8.86550291432384
2571,29.5787592395097
2572,22.6067514529362
2573,21.9202471110955
2574,7.13999345526457
2575,22.9127650634277
2576,25.0894805427562
2577,41.5450412790167
2578,52.4733776036576
2579,15.001531044841
2580,31.0606348903002
2581,17.0275762846227
2582,13.4010905086266
2583,14.9520847239761
2584,16.3674161159557
2585,27.7174123887783
2586,6.67909539473111
2587,19.286244058257
2588,20.8793200355321
2589,26.1781405689671
2590,15.8676471571389
2591,29.5450567943519
2592,13.5590584885888
2593,26.9185991161224
2594,32.831717853434
2595,17.692899088771
2596,29.0959719359204
2597,16.6185094882377
2598,20.2093826935024
2599,14.0819547564003
2600,21.684048637408
2601,27.4427436048154
2602,18.4680523699104
2603,24.5030602613803
2604,30.1631237716154
2605,19.7520791575283
2606,21.4956785524589
2607,24.7819035958377
2608,26.3940414086322
2609,16.9753055960762
2610,8.74249482247905
2611,14.379360953993
2612,43.2414153221697
2613,34.6283174876664
2614,25.4391887452999
2615,22.0199049378711
2616,33.724544497776
2617,31.3457900349447
2618,13.0429635521415
2619,20.6419387973138
2620,29.3091812559783
2621,10.5380693943063
2622,24.3535830490022
2623,28.2695060348256
2624,10.3256686015912
2625,16.3232464442955
2626,11.1073476821261
2627,16.2757953776341
2628,21.5462671243266
2629,10.3975052113037
2630,30.8535024382971
2631,19.3624967584202
2632,17.8330521006917
2633,38.3027340715596
2634,24.3524690927448
2635,22.5873870720864
2636,7.73665960826486
2637,41.9690026996859
2638,33.1579798036557
2639,10.7786625200305
2640,17.5145872988334
2641,27.6616334722975
2642,19.2904198904686
2643,10.1358552709806
2644,15.2142168971545
2645,46.5421410947351
2646,21.2540670495668
2647,14.8926646808784
2648,18.8515987395729
2649,38.8001114995776
2650,15.4711266015913
2651,41.8923616977699
2652,16.029478058123
2653,24.0598209656267
2654,16.2033054717888
2655,12.1372128588537
2656,30.3421117958574
2657,38.6538363992138
2658,20.051652675162
2659,20.3035664995659
2660,9.06039757865732
2661,19.2303167959097
2662,10.7621223380332
2663,20.4010038231207
2664,10.6947878257522
2665,30.5458623844241
2666,16.2880252050624
2667,14.2048804615763
2668,15.7050475333851
2669,21.7144707528286
2670,9.8251831497188
2671,22.1417496751242
2672,20.5796205016572
2673,18.8626513589812
2674,21.6939271108474
2675,18.3005945004031
2676,12.5614461224106
2677,15.8593807983969
2678,29.5174372264649
2679,12.0320511253585
2680,14.056044186411
2681,50.3915968878096
2682,106.291396700869
2683,82.8625984661157
2684,47.2689438542214
2685,25.9869576323494
2686,31.7969864289138
2687,51.5720486097713
2688,21.6124917259208
2689,28.9029389442373
2690,16.2574048787352
2691,51.5270862019728
2692,19.2851777335267
2693,26.918121905625
2694,27.9066307184243
2695,17.7309200791753
2696,24.1064510077775
2697,50.3703708425607
2698,24.7063171365859
2699,20.519475456823
2700,9.2749344287832
2701,17.5256948137367
2702,12.8191118722258
2703,38.0310077290344
2704,27.3296297714041
2705,31.507501685024
2706,29.2853168735908
2707,26.1675420370105
2708,28.3922811583039
2709,19.1803622612502
2710,35.1893735766584
2711,48.9618442907182
2712,30.7814318522549
2713,18.9322900998048
2714,17.4767904813708
2715,22.294485883184
2716,24.3574156626648
2717,12.1615521328806
2718,10.0834681549691
2719,18.911565170889
2720,30.9478928132297
2721,38.6442149542104
2722,13.903585902599
2723,15.0397741066241
2724,17.0192449148509
2725,14.1337677729789
2726,16.8651525350151
2727,11.9019257863916
2728,20.7439641241339
2729,21.7247026772457
2730,18.5038037294945
2731,10.5317535780095
2732,29.1417430835979
2733,21.9753510722699
2734,29.1863434666043
2735,24.2727421619419
2736,22.592870876814
2737,13.2015149451772
2738,31.8954734115015
2739,48.0485528870649
2740,24.0152860266577
2741,8.78272644722163
2742,19.2358918398465
2743,92.0486639394498
2744,16.0786654712631
2745,16.3092572776307
2746,12.3592022304275
2747,22.9964400588205
2748,8.63917110490017
2749,21.7905685681789
2750,13.9045604511188
2751,38.0794657986731
2752,30.5134580378513
2753,22.2769189459313
2754,8.25492977525663
2755,49.1135954658594
2756,112.783246749692
2757,17.5461606490831
2758,28.2917885804009
2759,34.5818982345784
2760,23.7667150333509
2761,15.618891625444
2762,24.1494885029288
2763,15.7376674885548
2764,28.8434437929563
2765,30.7532459567986
2766,16.7746014609339
2767,60.4993125085727
2768,25.2094233245117
2769,19.9532893256433
2770,17.3466151107258
2771,24.5409023145872
2772,26.4827281616367
2773,29.131500859136
2774,25.3416317796462
2775,14.625903763618
2776,26.4054127755809
2777,28.8742267354917
2778,85.8285627258671
2779,26.3780789453286
2780,24.3640644278093
2781,13.4772606227588
2782,48.213492670963
2783,41.2092561233853
2784,18.0676426229324
2785,24.7687570456785
2786,42.1909402191774
2787,37.1283284168338
2788,40.7767216179559
2789,30.2125966764524
2790,45.3302231592312
2791,48.4394125829855
2792,41.7483961644774
2793,13.7807848963533
2794,27.9979957513717
2795,16.5135489847899
2796,35.8444005812023
2797,9.8303136977832
2798,63.6294300346659
2799,28.6419391491689
2800,31.0480085862036
2801,28.6739185639791
2802,49.1867144210156
2803,38.6846724809899
2804,20.838391087363
2805,10.7594339877049
2806,29.4930757811082
2807,12.8888451065949
2808,17.4346793292171
2809,31.9133720148096
2810,40.2222879725181
2811,28.8433267367554
2812,24.31272791633
2813,35.0229614594826
2814,32.9887433193029
2815,26.4797455761605
2816,61.6321614712033
2817,31.3210898655607
2818,16.4119150900007
2819,27.9357456290853
2820,12.4128860558346
2821,23.0611853308268
2822,29.4413805633493
2823,28.0725110309826
2824,32.6319452822027
2825,35.6029059640186
2826,34.7134570650503
2827,38.0471408900204
2828,30.3990822756483
2829,10.7362792753464
2830,15.0940657443435
2831,15.2662893067053
2832,8.21732443958847
2833,22.9527918822898
2834,22.3358449203753
2835,18.6559441968766
2836,15.8205633732131
2837,10.0844926208321
2838,8.56131507319389
2839,29.6125905061207
2840,7.19080146624261
2841,14.0332311289512
2842,25.3253732747167
2843,31.7104010296076
2844,18.9709876273162
2845,15.5708468269516
2846,23.7935310587104
2847,20.4158945439592
2848,14.2864621944091
2849,36.7941336166762
2850,25.9012080204387
2851,8.40284912322035
2852,9.68030740405289
2853,24.1478589585614
2854,20.3581088974714
2855,40.4319637076618
2856,27.1176410076205
2857,35.4208085018602
2858,28.1964647201925
2859,22.6520713075393
2860,13.0049687885628
2861,24.5328712073534
2862,20.510397418004
2863,16.9657041689742
2864,50.721433634018
2865,28.7225951408833
2866,21.655415767458
2867,23.7302090563805
2868,31.1747390375401
2869,22.954681422637
2870,20.2605320377988
2871,50.9842833563909
2872,12.136951458991
2873,21.3415195638937
2874,22.9851039612312
2875,50.8795646183391
2876,82.963271737942
2877,10.7919429828709
2878,15.9057946080337
2879,25.7509722821266
2880,31.0692092785883
2881,24.156831223571
2882,29.1847587559223
2883,18.4254869176381
2884,10.7536539460816
2885,95.6724038764404
2886,37.5345671668749
2887,24.7572235996927
2888,28.7553702600735
2889,24.2744816688433
2890,30.9104189540058
2891,44.1465362302898
2892,28.081503811352
2893,18.4304335443381
2894,40.9854601952528
2895,41.1639102113711
2896,176.428456868677
2897,17.713761611603
2898,31.3025451341645
2899,26.6264129465599
2900,22.120541163382
2901,72.1746574243903
2902,31.2227612724579
2903,8.35646326183712
2904,18.9611670143477
2905,28.8479621728852
2906,29.5361065491192
2907,26.408086507603
2908,66.4435895569281
2909,27.1434206307701
2910,16.2440593275087
2911,39.8724698329089
2912,34.8210016232675
2913,24.9229044137943
2914,26.7860449383643
2915,23.0313931349288
2916,48.0993932493462
2917,22.7546874231776
2918,74.1004650671391
2919,25.315604909886
2920,24.3647888305461
2921,29.9860413530271
2922,16.7448603210074
2923,34.8921359975868
2924,16.1379285055921
2925,12.2137319133028
2926,28.9056104128984
2927,19.6016110670779
2928,14.9150967549223
2929,12.0135545932469
2930,15.619122675875
2931,18.0397386935893
2932,18.8189171869918
2933,15.7666704342861
2934,27.9967735244807
2935,36.378441825781
2936,64.3418687264742
2937,93.9065924608814
2938,14.5552803843992
2939,27.3040067818563
2940,27.4915149694594
2941,27.1498013242437
2942,38.1896939561237
2943,18.9864388627586
2944,14.2118762286315
2945,24.7461594373642
2946,12.221592372535
2947,17.4959509820144
2948,40.6049438107478
2949,35.1193407005487
2950,16.7629464624199
2951,37.2030425600055
2952,14.8816271546362
2953,19.6328311061593
2954,15.3298186747818
2955,17.662839757661
2956,28.400869161174
2957,18.6705462185448
2958,21.8377912447255
2959,17.4983414200018
2960,26.2154971941929
2961,11.20620930344
2962,27.4847765909845
2963,21.1847467078211
2964,17.6673849891197
2965,9.51858787763816
2966,17.0654530016703
2967,23.0978711570651
2968,9.24102592992674
2969,94.9571977509948
2970,46.1301722111594
2971,26.9638744488733
2972,46.7510681601541
2973,76.8374247195062
2974,50.1012137947542
2975,75.6703273145464
2976,35.7917147902535
2977,17.4994019311576
2978,21.4119736320079
2979,14.1810270657867
2980,51.2039817959947
2981,21.7212973931844
2982,17.4458473630545
2983,45.6394426798516
2984,24.6875814421654
2985,47.0293823473349
2986,18.5933647481712
2987,32.421848587458
2988,19.708517806937
2989,37.5258125230818
2990,27.9592958210627
2991,23.5856336603712
2992,15.9197065567476
2993,45.3967381703072
2994,36.1617970852124
2995,35.0264238001184
2996,31.3322438573465
2997,21.8795906977115
2998,10.0488122344456
2999,13.9942181011785
3000,24.3233159241701
3001,16.4901066062366
3002,5.4559261451386
3003,12.9380432496524
3004,32.3760441703177
3005,25.240707794117
3006,27.0965248361239
3007,15.4860680583017
3008,39.0992630373669
3009,7.10523127986908
3010,125.726075275132
3011,27.7308138398657
3012,31.4748296604811
3013,14.5543817830703
3014,11.7677169097025
3015,14.8580340076485
3016,35.8079157977022
3017,25.0676079065213
3018,33.2444663865664
3019,15.6854004218546
3020,26.2174790143817
3021,39.7481775577416
3022,29.1242840481651
3023,79.4074068456222
3024,20.9588980990552
3025,13.6799968667404
3026,22.06617311464
3027,44.740706407567
3028,25.3102506808255
3029,10.6850919882308
3030,24.8410850866867
3031,26.1992609840102
3032,26.5336820968505
3033,40.2226244297214
3034,10.5103123473553
3035,29.436693578625
3036,20.4303149657744
3037,23.5578224450803
3038,21.6625933742183
3039,23.8763801654786
3040,43.6734797061622
3041,22.3457302643322
3042,18.6082987422178
3043,21.3168428308867
3044,14.5336627592621
3045,19.128996383721
3046,23.9805895366233
3047,10.7197508261527
3048,22.8242225631414
3049,24.6255316501319
3050,26.9401402253566
3051,9.8786386819398
3052,30.9474253536643
3053,35.6725633534284
3054,26.615408361441
3055,21.7397801049987
3056,30.1771829985289
3057,13.8162228252261
3058,17.3553621505516
3059,19.6853207778162
3060,27.6611613488121
3061,27.8410072901884
3062,28.0403958314763
3063,24.4636302108578
3064,21.3353721265764
3065,20.6623417207626
3066,32.4554738208597
3067,44.1966759697094
3068,38.3995615258419
3069,27.5261217137527
3070,40.5179155276701
3071,26.5284338988315
3072,43.0263057753609
3073,20.1170225481794
3074,14.9199307061894
3075,22.9980989494561
3076,56.1357662328755
3077,12.2533999983009
3078,27.3415725392077
3079,20.9881377841468
3080,14.3912630221577
3081,6.18857007357909
3082,8.4889904120981
3083,10.6395537196834
3084,18.8007809434833
3085,24.7322820463855
3086,11.6368766097574
3087,22.5683490323684
3088,16.6476049878245
3089,13.4872496747322
3090,40.6066667385011
3091,42.204275413422
3092,26.7874320052383
3093,27.564614285997
3094,17.5428987580296
3095,31.1346042977393
3096,17.9193996067813
3097,11.3754199783539
3098,22.0779528084607
3099,25.6675390881129
3100,11.7408938091658
3101,10.4760443815424
3102,47.8028671167438
3103,39.4167248360336
3104,34.2191381769579
3105,22.3589622806213
3106,18.1382591007343
3107,39.4472056499744
3108,58.5749015350744
3109,14.4433115445869
3110,27.3755198016617
3111,28.8871324084325
3112,12.8765944075771
3113,23.1492946751344
3114,43.1261598474212
3115,9.5260907045436
3116,15.9533245642996
3117,33.2350756902618
3118,4.67647795704831
3119,27.552944068341
3120,14.0396378511995
3121,21.1171043499373
3122,13.8886588831904
3123,10.5088834433379
3124,12.6890539054423
3125,13.4054748925935
3126,29.9808600283093
3127,15.4160193189133
3128,20.4797174873014
3129,11.3092340631262
3130,23.7975065004053
3131,30.0772426651233
3132,14.755573864882
3133,14.4257841683392
3134,32.23428724451
3135,54.977867944196
3136,29.8134542229163
3137,19.3597397416556
3138,27.7311145454261
3139,30.3006525511507
3140,21.1901447874932
3141,66.764601307104
3142,46.8962034715417
3143,33.7825373739773
3144,47.9212486260133
3145,42.788199883743
3146,59.7660076544662
3147,21.6817317574093
3148,28.4562780368014
3149,34.1927591057581
3150,47.1573510977006
3151,20.078536752046
3152,21.0211198009409
3153,27.7949723029709
3154,21.7423849605785
3155,35.3329909685085
3156,31.3740580350178
3157,11.5850985353205
3158,41.9225755968713
3159,20.0256052062843
3160,17.8564379380221
3161,26.9911926405813
3162,33.0001006547349
3163,29.2022064485493
3164,19.5729698759695
3165,21.9074479246004
3166,60.9810854258705
3167,36.9022857707011
3168,19.3661397782585
3169,39.7222134890834
3170,23.7715627590997
3171,27.1546752386758
3172,24.8390332402195
3173,55.2391698086266
3174,20.1532690976702
3175,19.1326927175875
3176,22.5957245416105
3177,19.1187321463795
3178,13.8581785249365
3179,54.1033569580998
3180,11.8805107558298
3181,6.39585953184953
3182,19.4591399059495
3183,11.813561321112
3184,21.4637812981499
3185,16.8035156616673
3186,18.9150794616192
3187,18.3371757479122
3188,21.0813066578215
3189,17.9246291596249
3190,23.7201153777518
3191,14.8446018967575
3192,19.443816930703
3193,13.0367797236884
3194,27.2542703748968
3195,13.8065136118608
3196,50.8328155871615
3197,12.0405709786999
3198,76.8819024615152
3199,22.6092451701872
3200,43.5710981101256
3201,17.4110514424273
3202,13.3208623020666
3203,10.0851268240879
3204,22.2592677206023
3205,9.20633829867972
3206,21.4373087798359
3207,27.7666795316105
3208,14.562807858457
3209,27.6247026087349
3210,12.8389296148752
3211,90.9170964201437
3212,9.90921241160297
3213,20.2052180956738
3214,26.4035268855629
3215,18.1383436841163
3216,43.0937853335834
3217,19.0867946875011
3218,18.7519900473649
3219,16.2146989365825
3220,26.0770062185077
3221,43.5907834514777
3222,27.8680592551784
3223,10.799392849782
3224,30.4587836459883
3225,22.5030134940212
3226,15.7241013999291
3227,15.4899170808508
3228,9.97095033344615
3229,58.8894383662393
3230,20.4682965348076
3231,28.019638092255
3232,24.9977347765491
3233,20.8418550284608
3234,15.473003847293
3235,14.4762935542135
3236,36.9491490638942
3237,30.2994485422494
3238,30.3790300196845
3239,39.4568006476915
3240,21.1645138601114
3241,34.2843927498179
3242,27.5569386130974
3243,27.4378604547263
3244,35.7753441657993
3245,31.3321317043423
3246,42.185829930689
3247,23.9767122404667
3248,42.8067814253189
3249,46.0389261098113
3250,22.1637639977104
3251,27.2428493868761
3252,18.7082513662472
3253,23.0716832789866
3254,31.9978350939933
3255,37.045538878635
3256,36.7964934335224
3257,26.0178339198385
3258,21.5349123310338
3259,27.3310182294728
3260,21.5542395930933
3261,28.2626150855739
3262,22.886657357053
3263,32.6164529131894
3264,11.5346325085023
3265,20.1720013883895
3266,15.1510756440376
3267,18.5125168320491
3268,28.124384520438
3269,22.9336014085833
3270,30.4402348423149
3271,57.672774681894
3272,29.3734722801555
3273,29.7596910130646
3274,12.1409581465922
3275,33.6009395524788
3276,8.16334164325611
3277,23.0068835711891
3278,13.2305761964542
3279,30.0570821506542
3280,25.1543557545477
3281,22.1256522036141
3282,12.5169619303387
3283,20.0433308339895
3284,21.3661465298752
3285,20.2644554081695
3286,16.3018793685546
3287,26.1717427029068
3288,33.3032549693209
3289,15.2021601568162
3290,18.5256391129187
3291,38.2800500849267
3292,25.8431680307633
3293,30.3324355885537
3294,32.7454837214051
3295,21.7381155480207
3296,28.4801080277213
3297,16.4523307845243
3298,16.4808956608405
3299,24.7311127887914
3300,28.6801929937217
3301,13.9772048251273
3302,27.7386978998021
3303,16.6158352651973
3304,28.4003368229955
3305,9.4816467090494
3306,25.0928022817162
3307,32.3075750089205
3308,10.3599638526978
3309,21.5733004806305
3310,27.8416457573507
3311,12.6395212216202
3312,42.2052307923385
3313,40.9867759707315
3314,24.7402776562163
3315,11.3201483148308
3316,24.5874484759397
3317,17.9924546149556
3318,41.5477157018003
3319,13.2852546461997
3320,26.10001838882
3321,24.4805684096759
3322,27.8424170480932
3323,17.8633826590393
3324,39.0779515532175
3325,35.3808190654223
3326,35.0346567006704
3327,36.1082085874355
3328,40.2016159731264
3329,27.9732298907992
3330,12.103241768272
3331,17.7603404634674
3332,87.370741691457
3333,41.7902966048297
3334,12.8114386383547
3335,15.2699529105347
3336,31.5597885341543
3337,25.100078977734
3338,20.204474461374
3339,15.0287336095439
3340,19.7559494291609
3341,31.4836645299752
3342,18.7893922061822
3343,24.1653918082496
3344,27.9923021385754
3345,19.0274146701965
3346,12.7409518453307
3347,37.1448364532807
3348,20.687556102175
3349,12.7008635069807
3350,21.5564537068489
3351,8.96700573085738
3352,31.0197345531203
3353,24.7738392320414
3354,27.5155201262379
3355,40.4269948833064
3356,11.4063788822487
3357,22.0684278080775
3358,19.0823645696602
3359,19.9504127842535
3360,36.221848041728
3361,35.9568179331644
3362,27.9564034897151
3363,22.6109380544614
3364,22.2612862328381
3365,27.0087142297507
3366,27.2060453344136
3367,22.0314107407136
3368,17.3299051166135
3369,14.6000983362693
3370,33.78399675176
3371,11.5838205463444
3372,14.716746378464
3373,20.5785942036224
3374,23.4882351237038
3375,20.6108928086807
3376,16.5042041846732
3377,30.6327077497396
3378,4.98009007741418
3379,10.7226600437469
3380,29.7066018069927
3381,27.5402019623085
3382,26.9898602183557
3383,31.2350488820196
3384,32.2587163071255
3385,15.4281239682644
3386,22.6996546178349
3387,49.1428512822427
3388,26.1635441714518
3389,25.6459107907302
3390,17.980622193904
3391,24.8143749722747
3392,22.669795766438
3393,16.219115821468
3394,13.9187449511755
3395,16.5466170171517
3396,19.1539526521256
3397,16.0784954847811
3398,19.77575539683
3399,22.1808901986676
3400,14.9042007701138
3401,14.2494251242296
3402,18.0349846852213
3403,16.0331332848649
3404,25.1055697532123
3405,16.4386260213485
3406,8.93707792337683
3407,21.2980703164652
3408,20.2455334039644
3409,21.1017605118362
3410,35.1413995653029
3411,31.0844867130218
3412,52.3079062417487
3413,18.2426431763028
3414,37.995840081883
3415,11.1416700606408
3416,19.9987121789512
3417,60.0188921856055
3418,7.5380165029765
3419,21.9416842118911
3420,87.1798508137522
3421,12.0910129639437
3422,13.5882662637803
3423,45.2011191988306
3424,11.6202506606734
3425,36.6809797678532
3426,24.498132515044
3427,23.8992518036008
3428,14.3510697685132
3429,31.9860004745266
3430,18.8152886746112
3431,16.5451378992591
3432,24.5713896122427
3433,14.6523629725328
3434,21.1357213059604
3435,20.4932090206887
3436,27.6088330817408
3437,10.5934239378454
3438,23.5611637724133
3439,13.1987594979417
3440,19.3805316548224
3441,24.8810403488143
3442,30.1313025613324
3443,35.1849733863474
3444,16.6092013059701
3445,43.013926665456
3446,63.1069543870219
3447,35.3389717943994
3448,19.6201605278708
3449,39.3593792376806
3450,18.7842442228545
3451,42.2009304889948
3452,44.4947143305734
3453,18.6262256710623
3454,22.018344422882
3455,22.1693715252242
3456,34.3346684784058
3457,37.6315944086952
3458,66.7324341843101
3459,17.3976068790619
3460,37.2089273291683
3461,20.4150271292843
3462,18.9126460262051
3463,9.73967507029021
3464,22.3615008527875
3465,11.7264263977144
3466,28.4425951972015
3467,11.237662644885
3468,22.3524056227841
3469,27.0656440137634
3470,21.7149834684006
3471,33.587612091277
3472,8.55997748807969
3473,18.3987938993908
3474,27.2306725379226
3475,12.8315443419419
3476,12.8836190501926
3477,36.7208621054807
3478,41.0964549826674
3479,14.4911117812003
3480,15.8145594981101
3481,43.8065162814845
3482,30.9810679054297
3483,15.4815554155416
3484,47.1778920199819
3485,20.952653380706
3486,14.4469274975149
3487,28.9075809815815
3488,22.1067125787489
3489,23.2188386833284
3490,29.0368324027242
3491,46.0123751178676
3492,29.2746969459743
3493,28.7519206919047
3494,18.1333856830124
3495,8.27468442157199
3496,23.845879416836
3497,25.8550856065559
3498,27.0871239888749
3499,19.8150718817173
3500,21.0838224068123
3501,29.6301951522465
3502,25.5453495095916
3503,22.4326455363422
3504,30.6482527959081
3505,29.294516836415
3506,24.1688961070082
3507,17.1846228397008
3508,51.2760517383917
3509,12.2084772917797
3510,30.6760395968369
3511,21.0392455850418
3512,22.4351417584905
3513,10.0505449145612
3514,25.2643796202392
3515,50.755854148611
3516,27.0170768936784
3517,22.0803306415824
3518,28.0546300466323
3519,24.8434555251995
3520,16.4564551907179
3521,47.5976261459078
3522,33.6212879466128
3523,31.5747427876606
3524,50.0238105828518
3525,22.967306082286
3526,31.0982973478463
3527,19.164384152442
3528,19.5731698123781
3529,19.5889722986453
3530,23.19647947444
3531,24.3676195180454
3532,12.4745388637727
3533,22.6924808956403
3534,24.2442186948736
3535,27.4033993883897
3536,16.4325015447898
3537,21.400891449645
3538,14.8867586835376
3539,19.4822330686737
3540,31.2846220347159
3541,40.1173058244786
3542,25.8348843074728
3543,27.7934301626624
3544,9.25310406021892
3545,19.4714597841462
3546,12.2272364303297
3547,7.97410597967943
3548,10.9874569264779
3549,13.8078541070851
3550,13.5269446606841
3551,22.6276534417061
3552,14.8283525096045
3553,14.0687318533286
3554,12.1955846281853
3555,32.0725590842785
3556,19.459622335808
3557,27.1471573887297
3558,42.1321831499432
3559,13.9206449080563
3560,18.7712993259522
3561,21.0237926008316
3562,24.8364059612952
3563,18.9283789329753
3564,15.3443321296564
3565,22.5192826781177
3566,46.7656329210479
3567,29.5714703981374
3568,24.7139494007992
3569,13.2646285017829
3570,20.1893678165944
3571,7.8438581719509
3572,22.1587846296807
3573,26.1139149533576
3574,18.7649862838541
3575,13.5344648510436
3576,28.4453808838671
3577,5.20475814774265
3578,33.9954623776847
3579,25.3620228496213
3580,34.8124535469769
3581,25.7614295332836
3582,18.8014882241999
3583,18.585438025945
3584,24.153277553802
3585,19.2732645070663
3586,16.2518187535159
3587,7.25424051710693
3588,41.7302318526635
3589,40.6911714476955
3590,31.9212466786627
3591,31.7484942810789
3592,43.8720385097853
3593,25.9632520985485
3594,28.1106672203551
3595,31.9639423155288
3596,34.2698400343128
3597,28.797672763638
3598,18.2977077275036
3599,9.19211701055372
3600,138.998393685721
3601,32.8067174357098
3602,30.0404321244846
3603,30.7303791711202
3604,24.1318143956158
3605,79.6609067887812
3606,30.6591300684089
3607,39.3060062714399
3608,31.9295161468282
3609,70.2013525140652
3610,83.5432079314702
3611,62.3383817415612
3612,35.6894121166035
3613,35.7239082048105
3614,41.6904415349336
3615,50.4337006926373
3616,30.1382922973892
3617,33.4277302776362
3618,40.7754824809221
3619,24.3329631399348
3620,67.4170964025282
3621,15.9028734956105
3622,68.2766856923038
3623,49.8513647718668
3624,11.7559541054325
3625,42.534294558341
3626,49.7545994601142
3627,34.8495730397251
3628,12.440570551897
3629,29.5146826490899
3630,25.5535797772462
3631,33.2477758706969
3632,14.9010959353131
3633,48.8518505471348
3634,48.9202863913844
3635,20.9961022085378
3636,30.4871714264638
3637,18.8162256420186
3638,12.3415612847549
3639,17.3782248871234
3640,42.9297768624618
3641,56.5844846728492
3642,30.554219666102
3643,57.5902107726117
3644,42.9555091455584
3645,62.1393924409508
3646,34.9440468896212
3647,14.7238249981427
3648,56.0722583477044
3649,36.3235292524959
3650,23.3071431143958
3651,39.5421325475029
3652,25.7618164974246
3653,64.3733652622383
3654,27.397506011477
3655,60.7564745951486
3656,28.263353737934
3657,57.650829838172
3658,52.6442088694238
3659,66.7112215792281
3660,46.9221296927006
3661,27.0515726838786
3662,18.9265953523376
3663,37.8314005956225
3664,29.4515551066371
3665,54.8947074783053
3666,16.512360923116
3667,28.4260351511032
3668,38.8751926476091
3669,24.1157373757416
3670,16.9651415829561
3671,42.4245053343544
3672,34.8356687889082
3673,36.8938810999151
3674,23.4725353488954
3675,39.1587948373196
3676,51.6349094471592
3677,22.6183560535843
3678,38.9467705099764
3679,53.7049479107627
3680,43.660003817122
3681,39.5569636968925
3682,48.7482487625004
3683,68.9358015947986
3684,65.0933309779924
3685,42.7475630581456
3686,47.1664697394311
3687,19.982344440446
3688,56.3162227812107
3689,37.9142734085495
3690,46.9611535117703
3691,40.8813273938595
3692,34.2772126194833
3693,29.5456280666444
3694,68.5182291701994
3695,37.0371036472732
3696,23.7205424271649
3697,33.7454032896122
3698,44.1442754897232
3699,95.11110503789
3700,19.6458600636714
3701,34.2284286833432
3702,22.3350861350333
3703,35.2583367060597
3704,59.5206368898643
3705,39.8858306009901
3706,57.6148566624325
3707,36.57967801557
3708,33.2173726986759
3709,50.9957461479013
3710,22.6563852365128
3711,50.8157372085954
3712,29.615363226073
3713,71.4441274065149
3714,49.2732134763922
3715,18.791654274541
3716,36.7073526997588
3717,18.7547823568471
3718,10.9625580476833
3719,44.3050655744034
3720,67.6432717891407
3721,22.3770313079531
3722,19.953062789168
3723,41.7780158874632
3724,37.2515429520821
3725,23.7348196134814
3726,63.7384652366541
3727,101.192891132589
3728,51.4407040064602
3729,16.3919968988944
3730,28.655998263247
3731,15.6981603491952
3732,44.5542475793629
3733,52.03042707973
3734,20.8926853517039
3735,24.5967366083506
3736,34.7070110724347
3737,8.69049223073572
3738,36.3741933118819
3739,34.5888260741669
3740,42.8932839444243
3741,14.5447312566888
3742,41.5695561078992
3743,18.4397293725101
3744,48.2501161682444
3745,123.489377809845
3746,80.5432107196607
3747,63.5578212607939
3748,12.603038147925
3749,31.560287315315
3750,82.3214719619031
3751,36.4260089535709
3752,15.2841483738259
3753,44.9980925298254
3754,25.9543366227438
3755,47.6006544545752
3756,39.3305933198177
3757,25.6871751317022
3758,35.7620224482666
3759,57.7737084132426
3760,40.9218946083728
3761,45.0415735343437
3762,29.0840650600712
3763,51.5871343856688
3764,36.1464349128876
3765,54.7319389132457
3766,93.3668557669205
3767,51.9217362739057
3768,96.1647191182261
3769,62.1652126755313
3770,78.7768303861949
3771,54.9772492530059
3772,48.3436252845211
3773,45.171471821645
3774,12.2129097106845
3775,15.5531147972512
3776,29.5597939052397
3777,46.2674092096704
3778,31.1507355903988
3779,25.0754457618017
3780,16.5426842399379
3781,35.1990041333156
3782,57.352870912231
3783,14.9387085510173
3784,30.9279617624569
3785,20.4313296944232
3786,28.4534773784438
3787,31.0794333208862
3788,35.557626166449
3789,20.9912715479179
3790,45.30950242685
3791,42.8043104907431
3792,19.7713752211861
3793,56.9060595597367
3794,28.4177250887081
3795,32.6260645931667
3796,58.7919609198214
3797,54.1879701843821
3798,116.186219880251
3799,55.4840171472524
3800,106.467878242322
3801,100.303405496028
3802,9.47882548420316
3803,58.3994776261768
3804,74.7274865597068
3805,20.3855042152737
3806,38.4573879119283
3807,30.5140484638456
3808,15.9977407018115
3809,26.3271795747078
3810,39.9853898302826
3811,32.3457567367811
3812,59.5328399760435
3813,20.5028438197061
3814,27.5302096982486
3815,21.5855087842803
3816,19.2122852169316
3817,60.5556672815915
3818,27.6648024401167
3819,21.6837114741403
3820,28.4950697298367
3821,21.4066890017709
3822,27.8986270769826
3823,55.9669488900521
3824,28.4585742977292
3825,18.5142225247096
3826,27.954405929008
3827,31.9311078315125
3828,19.598154211316
3829,22.2714663516155
3830,49.5123827901311
3831,20.6037810361266
3832,60.1639358904081
3833,13.0155324086518
3834,29.9763973170776
3835,26.2203192452907
3836,11.2377455734676
3837,45.7374191375681
3838,27.5258486214766
3839,13.9101212448084
3840,42.1114938674313
3841,60.9559870740209
3842,43.8492144836697
3843,30.7020172295048
3844,40.4317224053357
3845,41.1223781794852
3846,22.3847588624948
3847,20.7214943016643
3848,25.9750090675258
3849,27.9044307268603
3850,21.3329925858502
3851,20.558141853687
3852,22.9127353044069
3853,16.6674138059653
3854,33.6682181096102
3855,29.6100070481103
3856,29.1978748811488
3857,24.1196185178587
3858,41.2891456442823
3859,47.7613344595102
3860,33.8797599437258
3861,22.9405348839473
3862,41.6633009429507
3863,13.6930148995963
3864,20.2518098734607
3865,15.2447635241013
3866,29.2173642572498
3867,41.2389160540145
3868,28.1187132456018
3869,19.5927316165423
3870,38.251434743888
3871,20.5286947160047
3872,52.5428757577621
3873,26.2694832115252
3874,32.6726211801547
3875,41.9822921292845
3876,68.6916565516328
3877,54.2951916634795
3878,31.2305302815164
3879,19.3586504114068
3880,62.3192395490477
3881,23.8102654071501
3882,29.2894285384226
3883,30.3733099505605
3884,41.1753895308467
3885,87.4202023860057
3886,35.210169514555
3887,15.699568146238
3888,32.4123552169071
3889,30.6912080953104
3890,57.2820684024642
3891,43.3731112317227
3892,38.7857602910716
3893,19.2168655988082
3894,27.9984422696452
3895,35.0478595024865
3896,11.5933650221436
3897,36.798770251885
3898,19.4416503093944
3899,25.1010975022044
3900,50.9620279296135
3901,50.2237104592342
3902,22.7096863726019
3903,26.5761927665716
3904,65.7658141655661
3905,61.252831454292
3906,73.7626889638004
3907,15.4890732412968
3908,21.8399496560164
3909,78.4925542842267
3910,33.6260596186338
3911,66.0834952293115
3912,28.8866167634194
3913,37.599702244322
3914,67.9098835272907
3915,34.4237041271148
3916,96.7765923094067
3917,28.4320527221771
3918,28.4406988376964
3919,29.9438600563228
3920,30.7489535317648
3921,24.0985892584166
3922,29.8039012451133
3923,54.7681900349738
3924,40.4293517475757
3925,36.2880281228623
3926,35.9817839872436
3927,58.4822243582829
3928,22.9569025104263
3929,67.4136524656321
3930,47.9918982290673
3931,21.7446877900574
3932,35.1015783907547
3933,70.5962843159772
3934,41.4856459672507
3935,39.3080553336679
3936,30.0556540920337
3937,60.4493053239326
3938,23.225745756083
3939,32.418764923467
3940,65.1896141361816
3941,26.9868821301272
3942,53.7323058416796
3943,63.3618631994197
3944,52.3895533955382
3945,36.8575987986419
3946,41.7964003615718
3947,14.4573934996901
3948,33.4647256636088
3949,45.4086199856833
3950,62.6344618913347
3951,28.7185252081176
3952,38.2881801962498
3953,36.7929220660443
3954,41.4981478630299
3955,52.5336738726023
3956,23.299459311824
3957,39.0810180076597
3958,47.0383169309948
3959,60.9659872520704
3960,19.8093862294476
3961,48.5665188195474
3962,42.6868450625482
3963,77.5099389609669
3964,16.1588181766204
3965,25.8620685993105
3966,42.9550063033829
3967,43.0682144895286
3968,33.795521981869
3969,44.223860341008
3970,72.399421441627
3971,92.0023990219474
3972,72.8736340366532
3973,18.8561316891065
3974,43.0202532888714
3975,22.7536260564731
3976,19.732924818176
3977,17.6163665293716
3978,42.2551449974238
3979,29.7314286186527
3980,27.9167779454148
3981,36.9164733080368
3982,28.5870365688407
3983,30.8179875151351
3984,19.2942599204323
3985,27.264715614807
3986,59.055208204237
3987,62.2404768028063
3988,35.5128607904393
3989,37.2512726966663
3990,45.074056496491
3991,46.2133373803166
3992,43.5598258116713
3993,13.9150905773216
3994,26.8500190162989
3995,36.281488501093
3996,43.3357288534565
3997,50.5301722217457
3998,31.8870685723819
3999,20.9741868943449
4000,32.5468476081814
4001,47.432631710608
4002,16.1818180385874
4003,39.7473912822119
4004,9.62685499418581
4005,24.6601238539193
4006,72.6292076503138
4007,79.902825614957
4008,39.7443611324452
4009,41.0251369312034
4010,30.2561351122414
4011,33.5634359937957
4012,33.9370166901173
4013,38.2718510806884
4014,28.7764875342164
4015,60.9202103161463
4016,31.4858418139624
4017,22.3224859111429
4018,24.4986416977424
4019,56.5974172323848
4020,51.3589100197064
4021,27.0988062413281
4022,49.6301154905666
4023,33.9079780252467
4024,27.1307230152284
4025,44.5685029937217
4026,38.270229536575
4027,28.6357038507175
4028,34.0060556193197
4029,30.9116160017423
4030,27.2784697329896
4031,22.5051526183535
4032,66.3131294121658
4033,60.5235123873089
4034,69.4682185921566
4035,17.9437652423685
4036,34.9315392121305
4037,47.7276530096425
4038,35.3382737016544
4039,40.8619374275288
4040,38.5554119026095
4041,43.2715250893734
4042,54.0407028256693
4043,41.6429981458321
4044,36.9902005844886
4045,41.1173111826641
4046,32.7162906521694
4047,32.5654724608927
4048,48.5604717768485
4049,41.9447431364762
4050,39.5052527644508
4051,28.0707125583418
4052,32.5745767024519
4053,99.7244089219962
4054,19.0968505250903
4055,32.0644854174973
4056,11.4635698148424
4057,28.054264545129
4058,37.3531024962423
4059,34.4476998342807
4060,13.0888336371238
4061,12.3637382826182
4062,44.582437322172
4063,38.3094872434629
4064,43.332880559473
4065,26.0067927996524
4066,13.8215249042579
4067,41.4086601713066
4068,35.5847665989766
4069,51.0103709642727
4070,12.2535865468782
4071,12.2990346006313
4072,18.5232135707745
4073,27.0255531321198
4074,21.1066289672245
4075,20.162093296782
4076,9.69735431977966
4077,26.1156433082053
4078,34.0094942141641
4079,18.5583412766067
4080,20.4178923074518
4081,23.3941318951446
4082,18.6289699773556
4083,29.7041299118309
4084,35.9484834386953
4085,19.037644768116
4086,38.1556106406739
4087,19.9202818166937
4088,13.2258620323602
4089,15.0575640074903
4090,16.6369645604774
4091,7.79588970934963
4092,34.9087758829281
4093,34.162419193265
4094,23.2570427491431
4095,29.5938044866116
4096,17.6063834549692
4097,26.1111310410134
4098,16.7802866074809
4099,39.9706851545203
4100,21.0550901887084
4101,33.434660289253
4102,20.6784828188558
4103,37.6334160474859
4104,9.57208957218044
4105,24.4562807276027
4106,36.6420945547184
4107,15.5152577133119
4108,22.4363203421833
4109,32.2046709410625
4110,30.463216846254
4111,21.0105411003553
4112,17.0547426872066
4113,21.7423147623066
4114,38.2142269997555
4115,45.4079338649354
4116,36.4372949486466
4117,19.8828923483213
4118,54.1648347375855
4119,17.8785230919941
4120,14.382288797517
4121,24.1400576819381
4122,28.1800341920944
4123,45.7626177124615
4124,35.8321960487772
4125,30.5346645733947
4126,38.0858356603367
4127,15.6462237735122
4128,17.3955312566746
4129,23.0741969759279
4130,30.0423722931985
4131,19.0101440390072
4132,24.528067674399
4133,17.094049803147
4134,16.4964174108516
4135,29.9500148041421
4136,30.0149857570114
4137,16.9750441090743
4138,10.1914525787753
4139,12.5895098362746
4140,8.42638487937851
4141,19.1376296132107
4142,23.3197757246933
4143,10.6369518481977
4144,12.6310962105777
4145,39.329233045504
4146,17.6031256733665
4147,28.6503707909977
4148,29.8795596242508
4149,20.9684402850483
4150,23.7399491979366
4151,26.0393300126033
4152,24.4271702840068
4153,38.3941928143441
4154,29.3642424646713
4155,64.5712655620943
4156,11.734348741994
4157,28.475554911963
4158,50.9422319655076
4159,10.1597742764456
4160,33.4111977674929
4161,29.9789402106125
4162,15.9219528488668
4163,59.5941256698327
4164,35.9101325729171
4165,50.8010803567088
4166,17.7917229098677
4167,24.0261578133489
4168,13.2393251471265
4169,10.6976289719418
4170,17.5284848310719
4171,28.2978424807512
4172,11.6711244278537
4173,22.279013701482
4174,11.5837229152164
4175,27.9062307845498
4176,21.1958283738272
4177,20.0193301907884
4178,14.7091957803436
4179,25.238540842803
4180,19.7866996470445
4181,21.7735518066256
4182,41.0661001978467
4183,17.6375987219672
4184,22.5084512331089
4185,19.832537053462
4186,60.2968676055832
4187,22.0630113769808
4188,22.0462368946063
4189,31.170403488358
4190,36.145517038113
4191,20.5113474334267
4192,25.144860406244
4193,12.3084494038139
4194,20.3291897407753
4195,22.637691922018
4196,18.4597391044098
4197,27.9041323530692
4198,37.9382761561237
4199,28.2581698377576
4200,19.6636633909631
4201,20.145639304995
4202,31.2218171279725
4203,30.749400382557
4204,26.0680482617795
4205,21.6382355996048
4206,22.3178320443633
4207,29.055866720779
4208,18.730903951749
4209,17.1618602750046
4210,14.2231365457414
4211,34.8031574491276
4212,19.1186365433641
4213,30.1412314734097
4214,20.9589994060294
4215,93.9556652641787
4216,17.7913455373857
4217,20.5008626302843
4218,13.4907372534457
4219,9.86078728320515
4220,21.6090402310387
4221,19.9794086330399
4222,38.4502872779519
4223,6.57587425833089
4224,16.8564685351708
4225,23.012276934375
4226,11.7675962060294
4227,20.4495427215554
4228,12.4179012505431
4229,13.8878948143743
4230,15.1009609833224
4231,26.8564382127176
4232,10.7993634688464
4233,7.51710350086996
4234,13.6496893857479
4235,18.5653694186209
4236,9.38313196395619
4237,27.5979338395225
4238,26.2922057558811
4239,11.7112024330636
4240,11.534036998722
4241,10.3932322634272
4242,20.206353445741
4243,18.5889141745902
4244,21.0103761345318
4245,54.812301455932
4246,28.7893681571373
4247,12.4221723861677
4248,34.2273132984945
4249,12.5379278657742
4250,17.5036970049219
4251,10.8168293335901
4252,19.0573650382851
4253,10.6582178628979
4254,22.0737180210156
4255,9.32202522542349
4256,14.4313584218206
4257,23.8741093732054
4258,30.1075896597229
4259,8.36783660379446
4260,21.1052396468382
4261,14.3901648672769
4262,18.826590878068
4263,10.5053572231371
4264,28.0163694267685
4265,16.7552549146695
4266,9.20751644483398
4267,12.911507694811
4268,14.3509825503719
4269,34.7747011625989
4270,23.4041816180386
4271,17.6554703187862
4272,21.8293545419488
4273,27.0291992051712
4274,22.1574032855255
4275,27.0509851103579
4276,24.4837890625717
4277,24.3570245483332
4278,7.93428124370025
4279,22.6945132415061
4280,49.4555750721957
4281,12.5040361368869
4282,16.2612450666028
4283,21.3612493132465
4284,8.83209607186711
4285,16.9940504033821
4286,20.1949386641399
4287,10.8723451233128
4288,33.3680079307543
4289,27.4629782662355
4290,30.9769926267768
4291,47.479044324811
4292,29.9992941422985
4293,45.970517657554
4294,58.5061424633892
4295,40.3840913637573
4296,17.9149478536029
4297,31.4755296052241
4298,12.2298974354857
4299,38.7130496626739
4300,12.2743710961021
4301,24.5775950126941
4302,28.8688563350001
4303,17.8724613196434
4304,29.8512260152207
4305,8.62047481709418
4306,45.3112295847097
4307,28.6558993002357
4308,13.735747002458
4309,25.8479397269692
4310,18.273707242479
4311,21.3022067585646
4312,17.6431658034396
4313,15.1388454501689
4314,15.1917955472478
4315,37.5691273874228
4316,14.1943587618891
4317,37.7496429463285
4318,17.7618766471789
4319,14.1487646142779
4320,17.4326416680684
4321,26.2945960287158
4322,47.4723997215683
4323,19.3471982637415
4324,19.1514184154401
4325,22.2345966654824
4326,22.8939099798562
4327,23.3991748777789
4328,21.6561487865724
4329,31.5521672381096
4330,23.5764634419906
4331,33.0226922681304
4332,32.7589150054474
4333,21.5221487165112
4334,39.4775817921788
4335,29.9989651505618
4336,45.3228993366656
4337,21.5912976448706
4338,27.3534257138155
4339,19.0824894351525
4340,20.3839557426531
4341,11.938419121274
4342,26.8786114556321
4343,39.3936324629591
4344,20.010345310597
4345,43.4447119989231
4346,15.9802805105107
4347,26.2941063013801
4348,19.2375311026976
4349,17.9305908238339
4350,12.7937447156396
4351,39.2132508551132
4352,46.066898913297
4353,13.0300529369982
4354,28.2424003887457
4355,26.9289725291192
4356,37.4841388752468
4357,21.4756534025846
4358,19.1845328609751
4359,26.9443602213077
4360,21.1206812760205
4361,16.1406255960996
4362,11.8155181391439
4363,45.43915401382
4364,28.6523226706862
4365,30.2758709384045
4366,19.1374164611583
4367,14.9206987580074
4368,17.8487369869968
4369,21.352800658885
4370,19.944294964087
4371,22.4063045446871
4372,9.73705286123882
4373,26.5439711045299
4374,16.8417173808538
4375,46.390624497695
4376,12.2792085620987
4377,41.4295807142894
4378,40.7923290952545
4379,13.9110125412427
4380,30.4392734872222
4381,28.0606224008333
4382,31.9547835780177
4383,19.0197008662293
4384,41.6649588352809
4385,18.0747307485741
4386,33.6234337184041
4387,16.2171524035302
4388,28.0884637334565
4389,57.2274387439945
4390,39.193720203237
4391,10.8930777468237
4392,60.8086431000085
4393,24.8594457047293
4394,23.1488230695347
4395,46.5672573924907
4396,27.3258031031641
4397,41.9928594777106
4398,43.7719913278214
4399,48.9320806096973
4400,22.0745431990017
4401,18.8856686260948
4402,18.3446243318526
4403,47.1398493348334
4404,43.4063018969272
4405,36.5840416460541
4406,19.2461444462024
4407,22.4560334759404
4408,35.570974132969
4409,29.483508100594
4410,12.1914326307072
4411,51.8077525583777
4412,28.1687590650523
4413,18.5031088993151
4414,32.0157493358303
4415,23.3409137949478
4416,26.072121363619
4417,21.4606419016382
4418,12.0117468759617
4419,44.4932789335342
4420,13.9320644046164
4421,18.0585393430183
4422,21.1688954481293
4423,22.7303513007506
4424,20.6857371948851
4425,39.0154611240069
4426,15.266376636162
4427,28.2484065305523
4428,32.6674593517822
4429,23.597926111378
4430,15.5505974983614
4431,23.3841365623133
4432,31.6147997259321
4433,27.5133373692743
4434,21.4237534256414
4435,25.2355254444509
4436,22.3102007224105
4437,48.2157005425582
4438,36.2298700048083
4439,45.4611093207449
4440,21.5498589387268
4441,32.5201735765647
4442,62.854188381035
4443,29.6730798517585
4444,27.5981615185802
4445,13.2858924158358
4446,37.0463919006351
4447,30.0585408434717
4448,11.8042256828458
4449,8.93454709364625
4450,16.1470108844527
4451,13.0262357951994
4452,28.6736410850832
4453,25.8020852581076
4454,25.4486868889922
4455,32.3442555721808
4456,16.6489647502558
4457,36.2598291761736
4458,28.3096436936142
4459,40.8377062570735
4460,19.7758973342495
4461,20.5218169077118
4462,51.7301066669355
4463,18.7332255737451
4464,70.8062978181957
4465,61.6092810416687
4466,41.9520164293261
4467,116.529782850977
4468,29.1617085518695
4469,34.7212474788802
4470,30.3868954609725
4471,19.800567055
4472,38.7646377867986
4473,32.1322370893984
4474,25.9682629290739
4475,28.3860742299327
4476,10.7451162962827
4477,24.9048276235205
4478,24.0563511455263
4479,32.307385201157
4480,66.7089146598392
4481,25.4820701183123
4482,22.1410300278567
4483,19.3768255676045
4484,65.1331162114355
4485,38.4396128819859
4486,30.7840482466184
4487,27.1338684439689
4488,25.3926963890127
4489,13.7150480860332
4490,31.6812894595969
4491,12.0371106025788
4492,35.0378804935315
4493,10.3763303267645
4494,17.2373432365486
4495,19.8229840310486
4496,22.6319002754197
4497,20.7206796880317
4498,14.9706929812527
4499,27.4226282120854
4500,46.4935226654811
4501,27.4642223639873
4502,24.0482674948063
4503,35.4461134909594
4504,32.56029353178
4505,22.7696920158854
4506,26.113963006936
4507,22.435389518165
4508,34.3717767036621
4509,25.4781911633525
4510,27.3640422024347
4511,33.9199463039223
4512,12.059481260683
4513,16.4989680282365
4514,22.689985451935
4515,37.5899907771673
4516,29.7785365024224
4517,7.40294809848931
4518,63.890414896564
4519,130.513890254728
4520,28.5732936208697
4521,41.2289935100515
4522,32.2330759771346
4523,27.406395903986
4524,18.4500365594756
4525,14.3806758113961
4526,27.5929381761332
4527,25.0753721431629
4528,29.8908244935066
4529,30.2896936479011
4530,18.401997954062
4531,20.9596321265239
4532,25.8941263249964
4533,21.7224874723731
4534,32.6302595138158
4535,24.1955169617869
4536,46.823709617042
4537,35.2710785432719
4538,35.8292740635756
4539,19.6223767196403
4540,19.3316357181866
4541,25.9906519304112
4542,97.3399144752139
4543,32.6127465749402
4544,17.9063573475317
4545,33.5798798037753
4546,49.9042121624467
4547,47.2808662112058
4548,30.548749248728
4549,23.9072703943691
4550,30.1701836676055
4551,23.0890341239041
4552,33.1211950063961
4553,27.8268455873621
4554,61.4180232862564
4555,16.3410660037845
4556,31.3535493289612
4557,27.31256398347
4558,35.8001747109187
4559,41.7272110182014
4560,24.9659198945187
4561,34.5579891120937
4562,33.0780613358548
4563,69.949307125184
4564,19.0912068834195
4565,25.511528289835
4566,21.0752878601294
4567,12.8123461813608
4568,21.412224562709
4569,19.6972181379699
4570,23.8972556195016
4571,41.4366920600195
4572,15.5930891998611
4573,20.7743492638694
4574,16.3653455010921
4575,20.8068006330684
4576,10.6298216415633
4577,21.3472383174801
4578,10.4709098621016
4579,14.0769005291208
4580,22.6968074121938
4581,9.28180605080969
4582,11.7503135061242
4583,21.2643207856766
4584,9.83518434140967
4585,11.4935767655209
4586,17.0819791208008
4587,10.8901000487931
4588,22.0606876548046
4589,22.4146114671694
4590,18.0724764832966
4591,23.0831342935385
4592,48.654996141765
4593,23.8370060618163
4594,26.4625962225569
4595,36.4671694503611
4596,20.9327851608641
4597,8.1521003141117
4598,41.1369341320533
4599,17.2724208440986
4600,17.9532562233441
4601,15.270362066884
4602,14.3055831271781
4603,127.745247999735
4604,13.381224256169
4605,28.0385155522217
4606,21.0249385917053
4607,22.0884788874803
4608,9.57152486124518
4609,27.3387703212498
4610,16.1715434658649
4611,17.5276013084555
4612,16.6814600964432
4613,11.9871727715663
4614,15.7178248703954
4615,30.3211510903677
4616,18.9044478721263
4617,17.6892265921944
4618,40.3323956199583
4619,11.9554221651275
4620,19.1216234671323
4621,18.0118242577022
4622,23.281493805477
4623,39.6356577445341
4624,39.5385452891953
4625,19.3748752910459
4626,27.2163820212844
4627,8.44854968432933
4628,18.0405774419442
4629,14.1223445717492
4630,20.1090792331794
4631,11.4875381629555
4632,28.8042733895067
4633,34.4207551260293
4634,47.7772879567706
4635,30.9501737153239
4636,60.7361280594799
4637,40.2457502891258
4638,41.0023090633838
4639,28.4975389140986
4640,34.6676327288568
4641,38.0245622784598
4642,36.7544232426169
4643,29.9816946551447
4644,43.0940397166868
4645,22.6570915366016
4646,19.6652231435125
4647,21.612812898891
4648,30.3117595366359
4649,45.1526960537588
4650,44.4347753584829
4651,21.925045859498
4652,33.6197666551234
4653,31.7506125975691
4654,49.1095449719782
4655,16.4161670753579
4656,36.1041679585419
4657,33.4491328721866
4658,55.2702695220606
4659,13.9147529439949
4660,43.3352147113271
4661,18.5071448648113
4662,41.5505969169375
4663,62.2255188839046
4664,20.2844669646356
4665,23.9704690715232
4666,21.7379966014161
4667,48.6316708832849
4668,18.3379313775973
4669,49.011075340382
4670,27.1563231482587
4671,24.1793054510831
4672,15.9123487850176
4673,47.9685984081653
4674,26.0592870768931
4675,56.3060682074126
4676,14.4472901812378
4677,72.3145129183123
4678,20.9254903816391
4679,21.692683260241
4680,28.6463566906735
4681,52.5486911889286
4682,34.8297884098619
4683,42.0466330612147
4684,76.3844726903763
4685,26.1165554410044
4686,19.9974101464875
4687,66.3427609183093
4688,27.301722451487
4689,32.3957526744323
4690,52.7167405875183
4691,21.3396008494054
4692,19.7616953994726
4693,22.9559896696108
4694,11.2342944142001
4695,11.9144245033901
4696,27.0972210369839
4697,20.7967056551271
4698,24.3970832435676
4699,27.8793845635255
4700,22.6332890243918
4701,21.1834711733734
4702,17.6657995569881
4703,23.6700485710244
4704,32.8198514790563
4705,13.6025847098094
4706,15.6129461190877
4707,47.466882543262
4708,31.2920544488325
4709,11.3025914047481
4710,31.9052437213261
4711,18.0292108006294
4712,13.4375509224908
4713,44.4024455215353
4714,36.3062628244222
4715,25.0163701327056
4716,45.5931113677106
4717,21.2637658204586
4718,34.9230479886245
4719,19.7901430597605
4720,13.3432806080444
4721,27.1422142992085
4722,185.838889115886
4723,42.8412936905103
4724,49.5633315558963
4725,23.4078955915803
4726,52.1574059096475
4727,26.9774836359712
4728,40.9218226411442
4729,27.3384070134024
4730,45.6772780225988
4731,25.5138192165973
4732,25.7160546808565
4733,32.9831880788545
4734,19.0034020897014
4735,18.5383976835228
4736,33.0345926034123
4737,22.5871310345621
4738,24.9247747857695
4739,32.2589607304012
4740,29.5477800575843
4741,28.2083358098326
4742,35.6044027652854
4743,23.9317532768626
4744,76.9745201822022
4745,163.677855829121
4746,40.6674772397758
4747,22.9541306645368
4748,34.3346866276954
4749,27.184171297301
4750,26.4791871488726
4751,17.4119648751179
4752,21.0129814480588
4753,34.0126381512826
4754,21.4934044407125
4755,18.4560580412033
4756,19.318393841348
4757,43.8526324499043
4758,31.8978572845735
4759,25.0909527774529
4760,12.579301075247
4761,55.039951379811
4762,16.333852425615
4763,14.6957285970526
4764,32.0273668457759
4765,16.0300407236737
4766,16.7581425305707
4767,15.5295505866514
4768,8.48957491793137
4769,24.3389389833127
4770,25.1153612600846
4771,50.0695506536605
4772,40.5383444133529
4773,20.5159223968713
4774,20.017304108285
4775,21.2137302558278
4776,7.48893065192594
4777,21.0404905969457
4778,38.9250484578205
4779,21.1736227095425
4780,36.0870959432772
4781,26.1093803440773
4782,21.243937358536
4783,13.8692891927718
4784,21.5908433133754
4785,32.0806571039665
4786,27.3727798551043
4787,31.101407354346
4788,21.3534181104308
4789,29.3782821815704
4790,25.9817256621419
4791,22.7901623765975
4792,25.1773274704611
4793,25.6356941926339
4794,43.5014587188028
4795,16.6515814078394
4796,18.0152516522739
4797,26.6299254777474
4798,36.9829915871213
4799,13.2801752823714
4800,35.3554260696014
4801,10.2263658924544
4802,15.3440626488512
4803,14.3739863174056
4804,23.0857145032665
4805,13.3773716290876
4806,12.007135427159
4807,23.6650748909242
4808,20.7376778576131
4809,33.4059199387511
4810,77.1801798803888
4811,29.4272893647898
4812,34.0739248910238
4813,43.4165540077607
4814,21.4778145783917
4815,70.9097530420222
4816,49.2181072027208
4817,28.0919886948959
4818,35.6907192462832
4819,27.4955877214304
4820,19.4918184942743
4821,43.2973277837197
4822,20.0331888261058
4823,18.3706299388387
4824,14.7139093933207
4825,16.4397492471952
4826,17.2822472272946
4827,83.6632470971955
4828,20.1364789876772
4829,14.845687205256
4830,11.2877593772292
4831,15.0176883488491
4832,27.0355405298353
4833,19.9421564567699
4834,13.223169216593
4835,21.2592539928151
4836,22.5781541694077
4837,43.3189467075372
4838,41.4427313682712
4839,26.7495097711553
4840,33.1484165434482
4841,47.5808598335182
4842,31.0336830800832
4843,16.29675309338
4844,25.2778214574611
4845,42.8828812151094
4846,31.7492700636914
4847,14.384909217526
4848,15.9411425145758
4849,27.0872716820002
4850,22.1299187569263
4851,25.4158900578048
4852,27.1911593436823
4853,32.4840828066355
4854,21.3772176394308
4855,21.9563857659636
4856,17.2284495107916
4857,20.311661064164
4858,31.3373451987328
4859,45.0649507808833
4860,34.5098896246268
4861,31.0148450332469
4862,26.9231252246896
4863,23.3110956307623
4864,39.6857768928198
4865,29.0963838472535
4866,31.5112560624248
4867,55.0369849526896
4868,23.7335389662322
4869,19.6735032673758
4870,28.5293445002646
4871,15.3951795355209
4872,29.1486823462919
4873,29.6716646394909
4874,28.5647607970974
4875,43.97470197031
4876,64.8886343265982
4877,58.0771094874489
4878,34.1713882294071
4879,25.0085275022148
4880,17.0230819730499
4881,24.4751945330071
4882,22.4053373409642
4883,16.6983519536785
4884,9.7445979041584
4885,14.2965129874432
4886,19.5419298837107
4887,18.2123882079992
4888,28.6846889155824
4889,16.6089682295577
4890,13.4531051928019
4891,24.3279699488416
4892,23.1619903899746
4893,11.684795240886
4894,31.7495200831825
4895,12.3101317812401
4896,13.2677811280444
4897,9.61048093846447
4898,20.3305353068357
4899,16.215193018512
4900,18.802020770127
4901,13.5305490449197
4902,9.18637068245381
4903,18.2032938960351
4904,40.9407530191716
4905,33.1892116716559
4906,36.2038838206239
4907,24.8656146417404
4908,8.24878758726073
4909,24.7864100037893
4910,19.9084088443928
4911,22.7826412693154
4912,18.9728622662237
4913,22.3684111185093
4914,27.5807691071597
4915,10.3942720951867
4916,19.1157052802098
4917,13.3814340325222
4918,15.5038198150971
4919,12.0959473997978
4920,35.7462449960148
4921,10.1644147301903
4922,14.5355932907353
4923,8.71362496454165
4924,27.1171536074009
4925,23.9768497884001
4926,17.8006371182802
4927,13.166651789392
4928,15.1366630221614
4929,39.9809676109218
4930,25.1403386928033
4931,23.3515186539977
4932,26.4910860580097
4933,17.9249380147904
4934,19.2417717310689
4935,22.1461858191945
4936,37.873908081408
4937,33.094767324285
4938,39.0064551552584
4939,30.0999823800987
4940,25.7122301336526
4941,45.1529782576438
4942,32.1554446056357
4943,22.9725323010565
4944,36.7186838757282
4945,39.8160027350712
4946,37.8746984923578
4947,54.4910469445887
4948,24.6221808983207
4949,29.7089613452242
4950,19.1299876181762
4951,53.6996483815706
4952,13.4961158651485
4953,28.5013728692647
4954,37.8725189907171
4955,65.5257080912631
4956,25.0434603997711
4957,26.4449827521109
4958,15.1971875577395
4959,22.9727235578528
4960,32.0541363625415
4961,25.3471726193517
4962,21.8265693104769
4963,31.2113326298568
4964,22.1854935074574
4965,17.8239896553598
4966,19.2481294001259
4967,48.8909162873953
4968,23.002125349625
4969,12.652464513009
4970,39.8311181192653
4971,20.3125869045512
4972,16.4550827046865
4973,29.8952207998336
4974,38.843270092561
4975,31.8134828668612
4976,20.6952479063935
4977,69.7693351445515
4978,38.0759814735308
4979,38.2240784073637
4980,23.6776626696019
4981,33.47158007539
4982,15.631025930993
4983,37.709521710001
4984,23.5852861902865
4985,34.0157158556661
4986,24.0578833616905
4987,39.3465805823679
4988,24.98544286783
4989,20.1426283898211
4990,19.7564176579047
4991,73.8747392591174
4992,7.62962777048235
4993,65.9789295959802
4994,57.5866842025443
4995,13.7880070299873
4996,53.54452746512
4997,43.8292801176393
4998,32.3205216768374
4999,45.6943990857262
5000,86.2070051625283
5001,62.4723104444767
5002,29.7680820687251
5003,39.3973701956887
5004,21.3399390930707
5005,35.8690721685128
5006,37.1824422511932
5007,25.7932584471085
5008,47.9987536570485
5009,29.4338973845256
5010,37.8318191796575
5011,25.4386921393396
5012,20.363389781425
5013,58.4164093823942
5014,33.5659209344509
5015,23.0280788684439
5016,18.1142678039551
5017,21.4734481712089
5018,21.8558141133753
5019,27.3264574862035
5020,20.098673920581
5021,36.8356564428216
5022,37.0521282286762
5023,39.2254421286557
5024,36.3741924674725
5025,30.4684528305808
5026,21.1336139465119
5027,29.9432187678057
5028,45.1913020498883
5029,35.5550438087045
5030,36.3749011736534
5031,20.5365825549765
5032,32.4648245951532
5033,47.2154204032377
5034,25.9431798771653
5035,107.115308120826
5036,23.8368349449102
5037,225.79438391317
5038,12.9918341326453
5039,21.4631350344944
5040,35.2196460541064
5041,27.2866182002043
5042,18.7614336856554
5043,36.07447502481
5044,112.179540281744
5045,39.521463552905
5046,36.6108923034356
5047,26.7992431027086
5048,18.6432201766213
5049,23.7128386808879
5050,27.654889991877
5051,28.4989351471995
5052,26.0650535860559
5053,25.2921319860336
5054,179.999992360342
5055,13.74952865266
5056,49.4478808480844
5057,23.401374738381
5058,51.1840896209433
5059,45.0272463252751
5060,27.6000778681763
5061,33.7534979514112
5062,18.0942853162296
5063,25.2041588752619
